wavelength_nm	intensity_arb
300.006	17.8243
300.021	37.6341
300.036	15.1977
300.052	10.7023
300.067	17.5162
300.083	14.7739
300.098	10.704
300.114	17.6164
300.129	33.6152
300.145	14.9896
300.16	17.5142
300.176	8.68693
300.191	24.5584
300.206	14.9098
300.222	25.9332
300.237	11.6417
300.253	24.5586
300.268	16.5461
300.283	3.92899
300.299	5.93221
300.314	7.7015
300.33	4.77403
300.345	7.87583
300.36	9.23735
300.376	16.2636
300.391	20.6621
300.406	16.7046
300.422	17.9069
300.437	13.3012
300.452	4.72459
300.468	11.3135
300.483	21.2465
300.498	10.3476
300.514	9.91858
300.529	14.9328
300.544	19.9223
300.559	10.6547
300.575	13.9826
300.59	7.88249
300.605	8.06496
300.621	16.941
300.636	8.33491
300.651	4.88362
300.666	16.8661
300.682	7.86846
300.697	21.8026
300.712	8.96223
300.727	9.05275
300.743	7.9955
300.758	13.4806
300.773	5.6451
300.788	32.3739
300.803	21.9024
300.819	4.78749
300.834	4.36346
300.849	10.1361
300.864	5.83576
300.879	7.37408
300.895	8.76319
300.91	12.3653
300.925	23.6444
300.94	14.0422
300.955	9.54901
300.97	7.65421
300.985	7.31253
301.001	1.94883
301.016	7.76839
301.031	6.1654
301.046	5.5516
301.061	3.45288
301.076	2.82032
301.091	3.88744
301.106	17.073
301.121	8.16413
301.137	17.2417
301.152	7.8805
301.167	7.19457
301.182	6.79017
301.197	15.0044
301.212	16.4523
301.227	17.4938
301.242	11.7209
301.257	14.431
301.272	12.6922
301.287	29.0257
301.302	35.3095
301.317	17.3912
301.332	21.9862
301.347	18.603
301.362	18.6919
301.377	10.9235
301.392	7.13356
301.407	14.6627
301.422	7.2319
301.437	12.2824
301.452	2.64241
301.467	3.65989
301.482	1.75959
301.497	17.4751
301.512	3.09375
301.527	5.96138
301.542	3.45391
301.557	9.19996
301.572	9.14496
301.586	10.4316
301.601	4.91025
301.616	1.18465
301.631	7.8486
301.646	6.23052
301.661	2.17655
301.676	14.7796
301.691	0.594709
301.706	6.68025
301.72	9.64165
301.735	11.994
301.75	5.65855
301.765	0.564087
301.78	12.656
301.795	1.6547
301.81	-0.905305
301.824	-0.463593
301.839	1.98815
301.854	13.3449
301.869	1.60086
301.884	3.6362
301.898	5.73859
301.913	-0.923234
301.928	6.57054
301.943	0.677035
301.958	-2.32706
301.972	7.0036
301.987	5.93607
302.002	27.8001
302.017	7.96708
302.031	1.89644
302.046	15.8882
302.061	-1.10462
302.076	-1.35412
302.09	15.1727
302.105	23.31
302.12	-0.962278
302.134	1.34183
302.149	23.0206
302.164	-1.90614
302.179	-0.558326
302.193	18.6103
302.208	-1.81563
302.223	11.1612
302.237	0.244794
302.252	15.5237
302.267	10.2984
302.281	6.72157
302.296	5.35927
302.311	7.7278
302.325	1.4749
302.34	1.44738
302.354	1.3655
302.369	16.9782
302.384	4.35951
302.398	5.2481
302.413	16.9655
302.427	12.3662
302.44	10.5595
302.457	14.0796
302.473	19.168
302.489	17.9416
302.505	17.3609
302.521	14.1802
302.537	8.26359
302.553	6.18858
302.569	6.64905
302.585	10.7688
302.602	30.8105
302.618	8.1139
302.634	21.3885
302.65	13.8731
302.666	12.4247
302.682	12.0468
302.698	15.2981
302.714	23.2413
302.73	11.2029
302.746	29.207
302.762	14.1437
302.778	13.1782
302.794	11.3739
302.81	24.38
302.826	15.8226
302.842	24.9715
302.858	24.0118
302.874	21.3479
302.89	15.1502
302.906	24.6873
302.922	26.6238
302.938	16.9541
302.954	8.24688
302.97	18.3087
302.986	36.9725
303.002	17.6936
303.018	9.21424
303.034	11.4154
303.05	16.8675
303.066	8.3006
303.082	13.8987
303.098	14.4063
303.114	25.8058
303.13	9.69238
303.146	17.6995
303.161	15.1186
303.177	25.0024
303.193	21.459
303.209	10.7757
303.225	16.3661
303.241	21.3889
303.257	19.2767
303.273	18.1283
303.289	24.8586
303.304	11.0439
303.32	12.4937
303.336	13.1299
303.352	10.2006
303.368	14.9146
303.384	15.0303
303.399	17.2145
303.415	10.6393
303.431	19.3837
303.447	22.8686
303.463	10.8791
303.478	32.8971
303.494	27.5607
303.51	13.3001
303.526	27.6847
303.542	26.1433
303.557	37.5367
303.573	26.1807
303.589	26.6733
303.605	36.2721
303.62	31.8378
303.636	19.0685
303.652	27.0239
303.668	13.0019
303.683	13.1139
303.699	26.6008
303.715	20.8113
303.73	16.4759
303.746	22.8461
303.762	30.627
303.778	25.4989
303.793	16.2694
303.809	16.0618
303.825	14.8815
303.84	31.6152
303.856	18.317
303.872	14.8486
303.887	21.7161
303.903	14.2694
303.919	26.5639
303.934	37.2768
303.95	22.5888
303.965	17.4272
303.981	12.9926
303.997	11.1154
304.012	10.5988
304.028	9.46305
304.043	9.02552
304.059	31.2609
304.075	42.9685
304.09	9.01495
304.106	26.3151
304.121	14.5095
304.137	18.2807
304.153	8.6678
304.168	4.08694
304.184	5.20076
304.199	5.00449
304.215	15.5785
304.23	10.1082
304.246	11.9157
304.261	16.8438
304.277	14.7109
304.292	29.584
304.308	5.55729
304.323	11.1038
304.339	2.88418
304.354	12.1258
304.37	36.1359
304.385	6.94979
304.401	10.682
304.416	3.7873
304.432	16.792
304.447	25.6346
304.463	14.878
304.478	4.81688
304.494	7.72839
304.509	12.5599
304.524	17.3106
304.54	9.0553
304.555	9.07888
304.571	14.9404
304.586	9.00042
304.601	3.65841
304.617	6.09339
304.632	22.4132
304.648	19.3413
304.663	15.5566
304.678	5.07198
304.694	23.4453
304.709	5.01288
304.724	18.8799
304.74	21.5579
304.755	13.5343
304.77	7.60703
304.786	1.98515
304.801	6.62763
304.816	4.32135
304.832	24.0995
304.847	26.7494
304.862	26.1365
304.878	15.5007
304.893	3.72237
304.908	14.6804
304.924	20.4145
304.939	15.6664
304.954	19.3266
304.969	5.87461
304.985	14.5554
305	23.0553
305.015	44.6993
305.03	18.5455
305.046	18.9236
305.061	22.3133
305.076	10.5758
305.091	16.0803
305.106	35.0906
305.122	11.7143
305.137	15.299
305.152	14.0481
305.167	6.13016
305.182	7.94578
305.198	17.567
305.213	4.19365
305.228	6.27401
305.243	3.67491
305.258	14.9631
305.273	45.0801
305.289	36.0099
305.304	8.95387
305.319	10.1327
305.334	7.33845
305.349	4.98186
305.364	20.2747
305.379	7.73857
305.395	16.2604
305.41	18.1178
305.425	9.84283
305.44	44.846
305.455	7.54377
305.47	11.3394
305.485	11.5779
305.5	15.8204
305.515	3.56798
305.53	7.8548
305.545	6.89314
305.56	11.2369
305.575	7.34086
305.59	2.78558
305.605	3.18847
305.62	3.74007
305.636	5.20979
305.651	12.7743
305.666	7.67202
305.681	9.92097
305.696	11.4763
305.711	15.1543
305.726	8.85596
305.74	27.4837
305.755	28.742
305.77	2.17621
305.785	4.56161
305.8	13.5732
305.815	0.85534
305.83	0.252244
305.845	7.75305
305.86	19.8619
305.875	7.08227
305.89	7.11378
305.905	3.8566
305.92	3.04711
305.935	20.1223
305.95	8.61176
305.964	25.8468
305.979	14.9142
305.994	9.83764
306.009	4.46609
306.024	3.79174
306.039	28.7717
306.054	2.0602
306.069	21.2447
306.083	17.515
306.098	13.5067
306.113	20.6866
306.128	3.09508
306.143	14.5405
306.158	9.58097
306.172	8.37766
306.187	5.15359
306.202	32.2311
306.217	23.2687
306.232	17.7001
306.246	19.0671
306.261	5.27198
306.276	19.9624
306.291	52.7926
306.308	36.6773
306.324	17.6732
306.34	101.3
306.357	131.418
306.373	125.828
306.389	75.3374
306.406	137.923
306.422	66.7074
306.438	26.3693
306.455	27.0373
306.471	57.078
306.487	163.182
306.503	101.136
306.52	18.4962
306.536	13.9295
306.552	15.5652
306.569	56.3692
306.585	127.161
306.601	53.7991
306.617	72.9054
306.634	45.5244
306.65	49.1789
306.666	28.8472
306.682	17.7939
306.699	31.7721
306.715	140.515
306.731	54.6427
306.747	55.0677
306.763	112.329
306.78	168.031
306.796	74.1675
306.812	76.3496
306.828	48.8483
306.844	87.8544
306.86	164.902
306.877	71.9706
306.893	50.7319
306.909	51.422
306.925	25.4946
306.941	41.721
306.957	119.099
306.974	123.74
306.99	47.5684
307.006	59.0419
307.022	182.811
307.038	137.096
307.054	48.0117
307.07	21.3472
307.086	57.7822
307.102	53.7729
307.118	47.1298
307.135	26.0629
307.151	36.3935
307.167	26.4153
307.183	91.2541
307.199	176.012
307.215	93.7637
307.231	27.1615
307.247	23.2735
307.263	18.6293
307.279	26.9106
307.295	76.1997
307.311	14.2039
307.327	31.3707
307.343	19.9543
307.359	30.591
307.375	21.3102
307.391	26.3406
307.407	48.7957
307.423	104.399
307.439	45.4154
307.455	48.2958
307.471	19.2277
307.487	49.6762
307.503	49.9591
307.519	40.7795
307.535	62.2123
307.551	38.3106
307.567	37.9259
307.583	36.6498
307.599	35.4
307.614	34.1489
307.63	26.0831
307.646	38.4924
307.662	19.6347
307.678	74.986
307.694	101.297
307.71	50.9378
307.726	18.4046
307.742	37.0026
307.757	34.2871
307.773	33.6807
307.789	56.5288
307.805	60.0281
307.821	181.074
307.837	211.024
307.852	91.8375
307.868	21.6129
307.884	16.0571
307.9	24.707
307.916	40.4411
307.932	40.2618
307.947	39.5484
307.963	68.7424
307.979	272.581
307.995	151.927
308.011	57.0721
308.026	19.4306
308.042	18.1257
308.058	20.0656
308.074	24.8232
308.089	31.8093
308.105	66.0044
308.121	64.5504
308.137	239.461
308.152	344.682
308.168	94.3399
308.184	39.7294
308.199	44.6362
308.215	27.0528
308.231	39.3572
308.246	25.0629
308.262	14.8888
308.278	18.9427
308.294	32.472
308.309	236.825
308.325	151.653
308.341	39.1078
308.356	45.6823
308.372	25.8547
308.387	63.8382
308.403	29.2997
308.419	12.3214
308.434	35.9885
308.45	33.1607
308.466	48.7461
308.481	50.8343
308.497	181.404
308.512	272.195
308.528	48.1587
308.544	21.674
308.559	10.1116
308.575	18.2017
308.59	41.811
308.606	63.5245
308.621	184.829
308.637	103.886
308.652	25.5899
308.668	16.9481
308.684	11.3828
308.699	33.7518
308.715	180.044
308.73	214.708
308.746	51.5243
308.761	26.6218
308.777	13.6928
308.792	18.2292
308.808	33.4805
308.823	25.0232
308.839	12.3371
308.854	20.1928
308.87	26.8594
308.885	66.4995
308.9	22.0772
308.916	49.3331
308.931	49.7923
308.947	179.883
308.962	492.192
308.978	293.781
308.993	87.0661
309.008	124.655
309.024	387.792
309.039	156.494
309.055	32.2487
309.07	27.7755
309.085	77.9988
309.101	265.731
309.116	267.375
309.132	175.331
309.147	28.6277
309.162	28.7473
309.178	51.6455
309.193	42.3935
309.208	59.0572
309.224	222.667
309.239	103.908
309.254	160.4
309.27	208.902
309.285	62.1924
309.3	19.3238
309.316	37.6438
309.331	74.9585
309.346	74.3578
309.361	105.48
309.377	39.125
309.392	14.5117
309.407	34.3532
309.422	23.844
309.438	112.533
309.453	155.685
309.468	73.5139
309.483	22.1781
309.499	30.1847
309.514	144.856
309.529	109.395
309.544	38.6099
309.56	27.9178
309.575	41.5752
309.59	227.656
309.605	223.18
309.62	151.129
309.636	120.153
309.651	94.505
309.666	185.23
309.681	103.357
309.696	19.0837
309.711	30.0608
309.726	35.0749
309.742	51.8721
309.757	35.1485
309.772	26.9651
309.787	46.6795
309.802	52.8479
309.817	34.6637
309.832	100.456
309.847	142.702
309.863	47.3301
309.878	45.9485
309.893	19.5456
309.908	62.2934
309.923	164.514
309.938	316.472
309.953	156.82
309.968	95.8473
309.983	21.6688
309.998	36.9189
310.013	25.3365
310.028	16.0952
310.043	44.1175
310.058	35.5052
310.073	47.2606
310.088	40.8669
310.103	203.321
310.118	97.815
310.133	49.0509
310.148	31.5771
310.163	42.5714
310.178	54.5256
310.193	137.98
310.208	223.168
310.223	272.332
310.234	140.145
310.25	62.6796
310.267	119.536
310.283	72.8907
310.3	54.1028
310.317	227.543
310.333	120.078
310.35	49.9288
310.366	62.6253
310.383	57.1324
310.399	77.4205
310.416	24.6394
310.432	57.6247
310.449	61.315
310.465	52.1144
310.482	57.5675
310.498	57.1866
310.515	39.9777
310.531	46.6819
310.548	194.847
310.564	138.508
310.581	145.962
310.597	141.071
310.614	58.3685
310.63	127.474
310.647	156.064
310.663	55.2431
310.679	52.489
310.696	96.3254
310.712	60.2571
310.729	108.179
310.745	166.749
310.762	82.9692
310.778	110.177
310.794	49.9954
310.811	70.4074
310.827	98.2718
310.844	72.9462
310.86	63.4002
310.876	35.2375
310.893	76.2652
310.909	160.429
310.925	177.329
310.942	68.8619
310.958	100.783
310.974	106.463
310.991	64.4237
311.007	137.555
311.023	129.567
311.04	70.7798
311.056	72.7365
311.072	68.3928
311.089	108.073
311.105	71.4107
311.121	119.381
311.138	103.598
311.154	88.1849
311.17	75.381
311.186	163.875
311.203	285.001
311.219	124.797
311.235	116.243
311.251	73.8312
311.268	81.1829
311.284	95.4973
311.3	88.9715
311.316	133.74
311.332	105.4
311.349	81.4955
311.365	82.1669
311.381	87.1899
311.397	90.3681
311.413	90.3809
311.43	104.004
311.446	117.072
311.462	193.019
311.478	224.964
311.494	150.175
311.511	101.987
311.527	131.1
311.543	166.239
311.559	242.372
311.575	272.62
311.591	182.843
311.607	240.492
311.623	176.948
311.64	181.51
311.656	189.11
311.672	224.619
311.688	154.71
311.704	230.684
311.72	135.557
311.736	64.3735
311.752	127.06
311.768	265.058
311.784	166.415
311.8	80.7976
311.816	75.2191
311.832	79.3558
311.849	44.5295
311.865	77.5684
311.881	59.4828
311.897	78.7942
311.913	63.1811
311.929	72.1951
311.945	105.422
311.961	157.136
311.977	54.8937
311.993	50.0859
312.009	51.3195
312.025	90.1854
312.041	57.3748
312.056	91.453
312.072	59.381
312.088	86.6597
312.104	51.7854
312.12	43.0604
312.136	140.297
312.152	101.401
312.168	74.3406
312.184	59.6373
312.2	90.4116
312.216	130.501
312.232	253.184
312.248	185.979
312.264	122.695
312.279	81.8757
312.295	80.9191
312.311	131.542
312.327	73.4207
312.343	44.6854
312.359	48.7598
312.375	146.304
312.39	268.181
312.406	148.72
312.422	73.5654
312.438	119.83
312.454	82.664
312.47	222.423
312.485	231.779
312.501	112.42
312.517	150.728
312.533	110.551
312.549	156.367
312.564	119.09
312.58	22.5912
312.596	135.078
312.612	92.2604
312.627	242.286
312.643	197.916
312.659	96.3697
312.675	205.555
312.69	207.875
312.706	197.495
312.722	163.682
312.738	178.633
312.753	337.679
312.769	171.02
312.785	97.181
312.8	248.752
312.816	494.714
312.832	179.364
312.847	72.5702
312.863	211.018
312.879	347.308
312.894	158.692
312.91	64.7346
312.926	199.803
312.941	355.808
312.957	171.891
312.973	178.745
312.988	389.759
313.004	372.504
313.02	171.842
313.035	245.008
313.051	317.872
313.066	262.266
313.082	243.225
313.097	197.273
313.113	241.354
313.129	272.298
313.144	142.437
313.16	175.937
313.175	273.182
313.191	189.77
313.206	224.23
313.222	225.019
313.238	169.457
313.253	212.806
313.269	168.794
313.284	166.087
313.3	186.393
313.315	200.141
313.331	137.75
313.346	205.853
313.362	260.332
313.377	296.779
313.393	360.784
313.408	288.523
313.423	456.328
313.439	460.484
313.454	631.856
313.47	681.041
313.485	954.008
313.501	1378.35
313.516	1153.53
313.532	1175.97
313.547	1099.13
313.562	772.386
313.578	529.154
313.593	172.544
313.609	67.3561
313.624	105.206
313.639	86.883
313.655	60.1352
313.67	149.236
313.685	151.737
313.701	99.3746
313.716	60.9654
313.732	68.3888
313.747	58.2716
313.762	83.3185
313.778	61.6529
313.793	72.404
313.808	141.943
313.824	91.0629
313.839	124.712
313.854	114.248
313.869	80.2617
313.885	113.067
313.9	130.697
313.915	132.622
313.931	114.782
313.946	112.325
313.961	117.087
313.976	98.486
313.992	60.5919
314.007	53.1086
314.022	114.873
314.037	136.922
314.053	165.006
314.068	135.862
314.083	111.878
314.098	49.0012
314.113	74.8892
314.129	132.382
314.144	115.971
314.159	68.0386
314.174	149.317
314.189	114.162
314.205	37.4602
314.22	115.075
314.235	181.99
314.25	99.4613
314.265	242.695
314.28	180.342
314.297	187.2
314.314	114.57
314.33	153.655
314.347	137.368
314.364	221.673
314.381	199.748
314.397	261.598
314.414	134.843
314.431	237.425
314.448	168.091
314.465	167.511
314.481	116.657
314.498	253.157
314.515	271.246
314.531	231.608
314.548	262.603
314.565	183.37
314.582	243.146
314.598	306.088
314.615	238.389
314.632	219.517
314.648	264.361
314.665	200.667
314.682	372.808
314.699	395.494
314.715	212.811
314.732	327.528
314.749	286.497
314.765	306.264
314.782	497.31
314.798	156.423
314.815	204.688
314.832	321.242
314.848	487.503
314.865	578.793
314.882	180.684
314.898	394.105
314.915	314.256
314.931	514.768
314.948	509.647
314.965	264.216
314.981	546.696
314.998	506.633
315.014	603.682
315.031	405.902
315.047	411.857
315.064	730.267
315.081	687.26
315.097	583.729
315.114	452.788
315.13	740.915
315.147	573.891
315.163	442.361
315.18	612.042
315.196	990.475
315.213	607.539
315.229	450.854
315.246	736.534
315.262	1139.97
315.279	426.324
315.295	381.084
315.312	1224.23
315.328	890.923
315.345	261.221
315.361	596.781
315.377	1276.52
315.394	541.222
315.41	443.712
315.427	756.156
315.443	913.535
315.46	645.494
315.476	612.088
315.493	965.24
315.509	669.762
315.525	469.792
315.542	767.436
315.558	506.56
315.574	513.508
315.591	683.401
315.607	425.171
315.624	622.765
315.64	450.852
315.656	554.17
315.673	743.434
315.689	911.409
315.705	1083.82
315.722	987.829
315.738	1131.12
315.754	1237.15
315.771	1578.65
315.787	2108.07
315.803	2726.63
315.819	3893.1
315.836	5602.18
315.852	4545.14
315.868	4782.99
315.885	3016.02
315.901	2490.46
315.917	576.659
315.933	155.557
315.95	106.85
315.966	120.029
315.982	120.668
315.998	90.2262
316.015	80.0372
316.031	93.2814
316.047	87.3249
316.063	122.746
316.079	86.8166
316.096	75.728
316.112	81.6139
316.128	39.1795
316.144	51.3481
316.16	109.26
316.177	118.165
316.193	67.8293
316.209	27.67
316.225	52.7187
316.241	31.1859
316.257	47.1658
316.273	27.3552
316.29	28.0573
316.306	59.6571
316.322	62.9139
316.338	22.7212
316.354	25.5184
316.37	47.0281
316.386	60.222
316.402	36.7914
316.418	20.5301
316.434	47.9579
316.451	25.1922
316.467	51.1901
316.483	58.983
316.499	64.5519
316.515	27.7161
316.531	41.2915
316.547	33.1312
316.563	43.8583
316.579	45.6106
316.595	36.6503
316.611	89.6121
316.627	71.5986
316.643	46.2689
316.659	40.1112
316.675	31.9806
316.691	49.8837
316.707	54.8707
316.723	72.8156
316.739	39.7548
316.755	44.7249
316.771	17.1713
316.787	33.5457
316.803	30.1646
316.819	40.5928
316.835	39.7535
316.85	53.7956
316.866	43.1214
316.882	60.5167
316.898	45.6266
316.914	42.2843
316.93	47.0485
316.946	123.384
316.962	88.63
316.978	66.0907
316.994	30.8703
317.009	28
317.025	16.243
317.041	32.7532
317.057	30.6661
317.073	28.3352
317.089	19.1327
317.104	50.7656
317.12	41.6877
317.136	50.7033
317.152	24.2551
317.168	32.2032
317.184	58.04
317.199	18.885
317.215	27.9149
317.231	25.6132
317.247	51.4047
317.262	43.8866
317.278	60.5381
317.294	69.8784
317.31	72.6026
317.326	48.8292
317.341	42.7562
317.357	61.433
317.373	42.5493
317.388	38.7511
317.404	56.8508
317.42	69.5958
317.436	114.236
317.451	64.5411
317.467	80.8832
317.483	74.0661
317.498	62.1332
317.514	117.129
317.53	45.3131
317.545	39.6495
317.561	49.0605
317.577	50.1675
317.592	69.2073
317.608	107.538
317.624	62.1491
317.639	75.9042
317.655	46.0529
317.671	48.7005
317.686	46.1204
317.702	60.841
317.717	25.2532
317.733	53.0793
317.749	74.7206
317.764	44.9811
317.78	25.9326
317.795	28.8086
317.811	18.3966
317.826	10.8782
317.842	22.3845
317.858	8.51616
317.873	24.7708
317.889	30.753
317.904	19.1206
317.92	5.30188
317.935	8.57338
317.951	32.0675
317.966	24.1831
317.982	42.0868
317.997	15.1262
318.013	34.3637
318.028	67.2652
318.044	30.2179
318.059	22.1196
318.075	13.0091
318.09	32.823
318.106	19.2194
318.121	22.43
318.137	36.1922
318.152	59.3745
318.167	33.934
318.183	16.4328
318.198	9.96189
318.214	24.7107
318.229	16.0158
318.244	20.6536
318.26	47.9808
318.275	76.5681
318.291	71.6458
318.306	31.7397
318.321	36.9815
318.337	55.6737
318.352	48.7069
318.368	63.5034
318.383	23.4586
318.398	30.155
318.414	39.4557
318.429	30.1097
318.444	27.0626
318.46	65.2108
318.477	37.632
318.494	38.6045
318.511	32.4205
318.528	68.6566
318.545	41.2213
318.562	52.6815
318.579	53.1153
318.596	91.8491
318.613	63.4386
318.63	63.9467
318.647	36.9307
318.664	65.8966
318.681	68.1494
318.698	44.4769
318.715	59.996
318.731	49.8939
318.748	45.5222
318.765	39.0334
318.782	51.7803
318.799	59.5685
318.816	39.9239
318.833	46.9188
318.85	78.5897
318.867	64.0874
318.884	60.1789
318.901	61.234
318.918	64.794
318.934	63.9368
318.951	80.878
318.968	66.3543
318.985	52.642
319.002	56.2607
319.019	56.286
319.036	53.8941
319.053	61.6213
319.069	70.6034
319.086	72.2611
319.103	90.1405
319.12	72.9861
319.137	46.926
319.154	80.9619
319.17	84.2886
319.187	67.2364
319.204	87.3585
319.221	71.045
319.237	59.6638
319.254	59.8375
319.271	85.9948
319.288	66.6331
319.305	60.2208
319.321	85.0262
319.338	76.8464
319.355	48.5929
319.372	70.9667
319.388	54.9864
319.405	65.8156
319.422	78.9955
319.438	60.3508
319.455	57.2274
319.472	96.474
319.489	82.5116
319.505	53.1055
319.522	53.1437
319.539	62.622
319.555	61.3564
319.572	55.8958
319.589	55.3754
319.605	36.2295
319.622	70.2648
319.639	84.6938
319.655	43.8449
319.672	58.5808
319.689	65.0507
319.705	66.7904
319.722	32.5156
319.738	64.4714
319.755	63.1889
319.772	35.0469
319.788	51.6814
319.805	69.6675
319.821	54.5543
319.838	56.4793
319.855	36.5156
319.871	111.415
319.888	59.3606
319.904	93.2647
319.921	92.3936
319.937	107.853
319.954	95.5381
319.97	158.362
319.987	125.923
320.003	179.272
320.02	216.992
320.036	233.429
320.053	230.196
320.069	239.023
320.086	167.359
320.102	167.353
320.119	90.4714
320.135	70.4637
320.152	84.5469
320.168	30.0571
320.185	43.4586
320.201	67.5359
320.218	27.4344
320.234	50.7996
320.251	31.3424
320.267	27.6221
320.283	20.3588
320.3	40.2895
320.316	20.6579
320.333	16.9184
320.349	14.8395
320.365	25.0179
320.382	31.4714
320.398	31.9382
320.415	27.0037
320.431	8.24146
320.447	15.202
320.464	10.6169
320.48	16.7057
320.496	20.9617
320.513	37.8031
320.529	13.7785
320.545	14.5219
320.562	7.56394
320.578	12.2119
320.594	10.1022
320.611	21.8254
320.627	19.8242
320.643	9.87378
320.66	22.4445
320.676	49.715
320.692	12.7998
320.708	14.0088
320.725	8.69611
320.741	26.047
320.757	38.7411
320.773	11.0991
320.79	11.9229
320.806	11.4626
320.822	14.4491
320.838	20.746
320.855	16.6319
320.871	21.4569
320.887	12.0902
320.903	26.769
320.919	57.8337
320.936	11.3748
320.952	25.7393
320.968	19.1716
320.984	41.2942
321	13.417
321.016	17.3778
321.033	41.1606
321.049	37.4156
321.065	17.4962
321.081	12.1619
321.097	6.3839
321.113	13.9687
321.129	8.94804
321.146	10.7611
321.162	7.62795
321.178	27.8643
321.194	20.9096
321.21	8.0667
321.226	15.9098
321.242	20.1355
321.258	17.1124
321.274	21.5086
321.29	15.5355
321.306	33.0688
321.322	20.8723
321.338	44.6831
321.354	45.2728
321.371	33.2259
321.387	25.8314
321.403	8.97405
321.419	27.1627
321.435	5.40352
321.451	37.0691
321.467	6.02024
321.483	7.89505
321.499	32.3773
321.515	28.3337
321.53	38.8585
321.546	22.8733
321.562	14.3045
321.578	5.21868
321.594	6.38274
321.61	29.2526
321.626	7.9806
321.642	10.1416
321.658	6.68784
321.674	26.2731
321.69	17.2993
321.706	23.1554
321.722	11.0893
321.738	19.2742
321.753	46.2893
321.769	17.3302
321.785	16.5058
321.801	19.7667
321.817	13.4714
321.833	8.07261
321.849	37.0918
321.865	11.4592
321.88	8.56026
321.896	19.5255
321.912	17.2803
321.928	16.4785
321.944	6.67865
321.959	22.8163
321.975	35.0889
321.991	13.1394
322.007	10.3515
322.023	45.0867
322.038	22.4153
322.054	28.2153
322.07	26.392
322.086	11.8491
322.101	41.3837
322.117	23.239
322.133	21.6288
322.149	23.5574
322.164	7.72925
322.18	13.5115
322.196	27.0481
322.212	21.9697
322.227	25.5139
322.243	4.98013
322.259	28.8991
322.274	35.3696
322.29	38.2401
322.306	18.4568
322.321	8.01108
322.337	11.8151
322.353	6.88368
322.368	22.825
322.384	9.4393
322.4	21.8937
322.415	17.0995
322.431	14.5834
322.447	29.8318
322.462	20.419
322.478	29.9338
322.493	30.072
322.509	47.3151
322.525	49.6158
322.54	10.2628
322.556	20.0481
322.571	33.1359
322.587	21.8464
322.603	6.7148
322.618	20.697
322.634	39.8901
322.649	16.1448
322.665	29.0625
322.68	9.70875
322.696	13.9162
322.711	17.6054
322.726	41.3315
322.743	44.835
322.761	57.2443
322.778	34.7983
322.795	25.5598
322.813	18.9446
322.83	29.4044
322.847	24.1426
322.864	33.2216
322.882	22.2409
322.899	21.6387
322.916	38.2118
322.933	41.4942
322.95	33.3333
322.968	52.0264
322.985	22.2338
323.002	26.585
323.019	45.7733
323.036	32.9552
323.054	33.2428
323.071	42.5089
323.088	32.3569
323.105	55.4223
323.122	35.9295
323.139	50.2977
323.156	36.7765
323.174	33.632
323.191	42.9367
323.208	40.5386
323.225	36.6472
323.242	32.0865
323.259	45.711
323.276	66.867
323.293	44.2623
323.311	58.4862
323.328	44.1442
323.345	68.3212
323.362	40.5508
323.379	66.6199
323.396	50.2617
323.413	59.6722
323.43	40.6862
323.447	35.6398
323.464	33.5689
323.481	59.6172
323.498	49.9429
323.515	61.67
323.532	57.704
323.549	68.0519
323.566	65.9821
323.583	29.3014
323.6	34.1922
323.617	42.3513
323.634	30.5262
323.651	27.5071
323.668	48.5911
323.685	28.707
323.702	33.7727
323.719	25.783
323.736	21.2625
323.753	22.6642
323.77	43.2458
323.787	28.1481
323.804	32.2018
323.821	21.9108
323.838	44.4785
323.854	23.5447
323.871	26.1938
323.888	16.3353
323.905	22.7058
323.922	32.1529
323.939	30.4851
323.956	31.3591
323.973	42.5282
323.99	37.0412
324.006	31.7222
324.023	19.9768
324.04	21.8774
324.057	34.358
324.074	48.7359
324.091	51.201
324.107	24.164
324.124	40.0101
324.141	33.9927
324.158	35.296
324.175	24.9507
324.191	29.9646
324.208	22.9625
324.225	24.557
324.242	38.48
324.259	22.2734
324.275	20.9507
324.292	41.8608
324.309	34.3396
324.326	27.9277
324.342	23.2869
324.359	37.6666
324.376	38.1544
324.393	49.5656
324.409	46.1186
324.426	75.247
324.443	45.1472
324.459	50.8363
324.476	21.4218
324.493	24.3739
324.509	30.2758
324.526	22.4385
324.543	33.6331
324.559	43.3791
324.576	29.1264
324.593	23.1962
324.609	20.9541
324.626	44.4009
324.643	50.6743
324.659	25.6217
324.676	14.992
324.693	25.2868
324.709	37.3655
324.726	35.9823
324.742	33.9079
324.759	22.2467
324.776	15.8173
324.792	14.3455
324.809	15.5805
324.825	10.3741
324.842	6.63199
324.858	5.86824
324.875	20.4116
324.891	8.30015
324.908	11.5575
324.925	11.6058
324.941	22.9553
324.958	3.62794
324.974	11.8213
324.991	12.0571
325.007	20.847
325.024	23.2207
325.04	21.4198
325.057	15.476
325.073	11.9688
325.09	9.7186
325.106	29.5994
325.122	35.5155
325.139	29.7057
325.155	14.0459
325.172	26.7806
325.188	7.45704
325.205	12.3652
325.221	6.87001
325.238	17.1418
325.254	22.1767
325.27	6.7166
325.287	15.2863
325.303	33.4293
325.32	16.0194
325.336	23.5863
325.352	8.51776
325.369	38.7947
325.385	39.197
325.401	7.51266
325.418	21.8795
325.434	11.3715
325.451	21.2786
325.467	26.5088
325.483	19.3755
325.499	27.8958
325.516	34.032
325.532	22.4199
325.548	20.9606
325.565	16.3642
325.581	10.9987
325.597	6.04085
325.614	12.0859
325.63	15.6191
325.646	13.9679
325.662	24.5826
325.679	11.8479
325.695	27.1216
325.711	20.3972
325.727	30.9331
325.744	23.7452
325.76	34.0694
325.776	18.7174
325.792	21.2062
325.809	32.3278
325.825	33.8976
325.841	21.913
325.857	8.82291
325.873	28.3231
325.89	20.1065
325.906	23.1293
325.922	34.9372
325.938	10.9108
325.954	11.0534
325.97	16.5008
325.986	38.9819
326.003	24.2303
326.019	12.5217
326.035	16.0939
326.051	24.4818
326.067	30.6855
326.083	26.3519
326.099	27.2626
326.115	35.5864
326.132	25.5723
326.148	18.0465
326.164	22.9685
326.18	19.1059
326.196	21.2851
326.212	17.1114
326.228	27.5868
326.244	11.3688
326.26	19.0665
326.276	48.3147
326.292	33.1927
326.308	45.8821
326.324	12.8169
326.34	22.2001
326.356	11.027
326.372	52.3103
326.388	18.2824
326.404	32.9559
326.42	43.7793
326.436	21.6526
326.452	11.3597
326.468	24.0141
326.484	31.793
326.5	54.2764
326.516	48.8384
326.532	37.7799
326.548	17.0432
326.564	45.735
326.58	30.1621
326.596	35.4484
326.611	41.6563
326.627	36.697
326.643	30.6488
326.659	79.9711
326.675	64.3467
326.691	53.8779
326.707	34.5394
326.723	96.2866
326.739	75.2327
326.754	39.1015
326.77	44.4571
326.786	54.1608
326.802	32.0503
326.818	41.2503
326.834	25.8825
326.849	19.1823
326.865	22.2542
326.881	23.4709
326.897	9.35299
326.913	21.3251
326.928	15.1503
326.944	17.2622
326.96	48.3714
326.976	18.6776
326.992	30.0777
327.007	79.0157
327.023	26.3529
327.039	44.8111
327.055	48.9932
327.07	14.0195
327.086	15.0369
327.102	24.1895
327.118	39.3928
327.136	59.2467
327.154	26.8475
327.171	29.2903
327.189	63.0284
327.206	52.2288
327.224	24.2411
327.241	41.9316
327.259	101.386
327.276	62.9965
327.293	55.4736
327.311	46.427
327.328	99.3092
327.346	54.4361
327.363	62.8372
327.381	37.3002
327.398	48.2387
327.416	60.1293
327.433	37.8449
327.45	55.5427
327.468	38.3935
327.485	44.2509
327.503	51.7903
327.52	51.1753
327.537	63.9545
327.555	55.9639
327.572	50.781
327.59	71.8083
327.607	77.3054
327.624	55.25
327.642	64.3508
327.659	63.4288
327.676	79.2159
327.694	60.3442
327.711	72.7792
327.728	57.3899
327.746	69.1293
327.763	67.3879
327.78	76.3565
327.798	67.2995
327.815	71.9747
327.832	65.6981
327.85	77.2921
327.867	65.6015
327.884	73.3445
327.901	80.8718
327.919	72.6711
327.936	66.5221
327.953	62.5348
327.97	64.698
327.988	73.0251
328.005	82.1828
328.022	127.707
328.039	42.4036
328.057	42.3105
328.074	59.7443
328.091	58.267
328.108	85.9515
328.125	62.0895
328.143	40.6204
328.16	27.6823
328.177	45.3902
328.194	37.5715
328.211	46.2813
328.229	36.8004
328.246	40.5742
328.263	66.6441
328.28	49.3375
328.297	68.8869
328.314	69.68
328.331	108.529
328.349	74.492
328.366	47.6735
328.383	132.854
328.4	63.8963
328.417	50.8334
328.434	58.0295
328.451	100.823
328.468	86.3324
328.485	51.1364
328.502	66.2103
328.519	34.1786
328.536	41.9176
328.554	20.5168
328.571	33.9205
328.588	31.3044
328.605	50.5725
328.622	47.8036
328.639	38.1468
328.656	36.1624
328.673	51.4057
328.69	31.9535
328.707	25.8147
328.724	34.2059
328.741	19.6558
328.758	33.788
328.775	38.3246
328.792	35.2458
328.809	32.1075
328.826	42.5827
328.842	57.916
328.859	47.2039
328.876	43.4257
328.893	37.1955
328.91	30.8952
328.927	24.9931
328.944	38.136
328.961	26.3899
328.978	17.9688
328.995	15.4674
329.012	36.8739
329.029	20.134
329.045	22.6336
329.062	18.6186
329.079	30.0959
329.096	15.3558
329.113	25.2058
329.13	39.6115
329.147	39.8253
329.163	53.8864
329.18	31.4948
329.197	23.456
329.214	19.7493
329.231	31.1955
329.247	60.6265
329.264	18.041
329.281	24.5081
329.298	36.9415
329.315	24.4654
329.331	32.8446
329.348	30.7203
329.365	15.0316
329.382	26.7348
329.398	20.0398
329.415	50.3756
329.432	24.2333
329.449	10.2476
329.465	16.9832
329.482	27.4232
329.499	23.4345
329.516	22.1733
329.532	16.8223
329.549	12.8636
329.566	18.2692
329.582	25.9389
329.599	21.7923
329.616	39.0984
329.632	38.2381
329.649	19.4038
329.666	32.8464
329.682	27.5047
329.699	16.5045
329.716	15.5609
329.732	12.943
329.749	14.9785
329.765	18.1051
329.782	14.3179
329.799	28.0639
329.815	37.3769
329.832	11.6378
329.849	44.8736
329.865	37.0646
329.882	61.0243
329.898	20.6062
329.915	18.8686
329.931	25.5618
329.948	44.2378
329.964	37.1608
329.981	33.7491
329.998	33.5362
330.014	12.3935
330.031	32.9297
330.047	45.67
330.064	17.5835
330.08	16.8932
330.097	30.6344
330.113	49.7543
330.13	19.0269
330.146	22.8697
330.163	33.2011
330.179	21.5957
330.195	98.2531
330.212	30.0892
330.228	34.8086
330.245	32.6733
330.261	50.0316
330.278	13.651
330.294	27.5395
330.311	49.7163
330.327	49.9468
330.343	32.6554
330.36	29.3651
330.376	40.0559
330.393	24.5606
330.409	23.6084
330.425	33.709
330.442	29.2288
330.458	45.3079
330.474	20.7313
330.491	38.9969
330.507	46.3635
330.523	39.9158
330.54	50.6051
330.556	39.9292
330.572	36.757
330.589	34.7801
330.605	29.6489
330.621	38.9954
330.638	24.3929
330.654	32.619
330.67	41.5636
330.687	28.0162
330.703	38.0918
330.719	34.6305
330.735	31.8631
330.752	52.4487
330.768	65.3044
330.784	52.0378
330.8	116.982
330.817	80.3747
330.833	72.969
330.849	95.5602
330.865	142.634
330.881	81.769
330.898	98.0769
330.914	183.88
330.93	61.3665
330.946	83.5809
330.962	48.5983
330.979	38.7785
330.995	124.78
331.011	106.775
331.027	35.1926
331.043	58.9975
331.059	51.4785
331.075	18.173
331.092	37.1005
331.108	47.6626
331.124	75.2786
331.14	57.5735
331.156	61.0361
331.172	49.9826
331.188	55.1579
331.204	48.489
331.22	43.6968
331.236	65.5465
331.252	26.6398
331.269	54.9958
331.285	33.9745
331.301	31.2335
331.317	59.1729
331.333	33.5111
331.349	81.5397
331.365	44.076
331.381	48.6007
331.397	54.7644
331.413	55.2331
331.429	40.8227
331.445	40.0858
331.461	90.2837
331.477	69.4342
331.493	40.4785
331.509	25.9511
331.525	66.319
331.541	28.769
331.557	49.6508
331.572	53.2713
331.588	52.6452
331.604	50.799
331.62	41.4468
331.633	84.2907
331.651	62.7215
331.668	87.5134
331.686	54.8037
331.704	61.1231
331.722	52.5463
331.739	101.389
331.757	100.013
331.775	63.0465
331.793	80.7703
331.81	45.1846
331.828	83.7993
331.846	103.556
331.863	152.772
331.881	124.302
331.899	95.8927
331.916	67.3774
331.934	79.9904
331.952	81.6396
331.97	88.7032
331.987	72.9822
332.005	77.7702
332.023	83.6777
332.04	105.928
332.058	108.749
332.075	117.879
332.093	88.5629
332.111	87.434
332.128	85.7039
332.146	70.7971
332.164	113.637
332.181	84.8913
332.199	133.114
332.216	101.252
332.234	117.204
332.252	115.209
332.269	137.481
332.287	123.452
332.304	107.347
332.322	114.299
332.339	128.472
332.357	151.447
332.374	143.951
332.392	145.058
332.409	168.352
332.427	123.218
332.445	137.208
332.462	109.929
332.48	147.636
332.497	127.221
332.515	66.7684
332.532	72.1457
332.55	69.4903
332.567	65.6164
332.584	105.193
332.602	84.6071
332.619	103.424
332.637	119.305
332.654	65.4587
332.672	91.3884
332.689	91.5412
332.707	95.5733
332.724	85.034
332.741	72.1008
332.759	40.7953
332.776	52.6882
332.794	81.169
332.811	87.166
332.828	65.9129
332.846	94.4957
332.863	93.9089
332.881	54.0366
332.898	38.9786
332.915	40.5141
332.933	59.9463
332.95	63.0006
332.967	72.5424
332.985	83.6729
333.002	134.905
333.019	86.7989
333.037	96.3191
333.054	66.7872
333.071	125.117
333.088	88.3773
333.106	71.5819
333.123	54.6372
333.14	77.6562
333.158	75.5154
333.175	98.2062
333.192	130.021
333.209	106.58
333.227	179.698
333.244	55.8612
333.261	53.0926
333.278	52.4884
333.296	147.355
333.313	69.7812
333.33	43.272
333.347	60.5873
333.364	122.283
333.382	99.7393
333.399	144.616
333.416	78.9556
333.433	115.829
333.45	48.6281
333.468	54.0258
333.485	73.9101
333.502	99.6132
333.519	65.1394
333.536	82.2268
333.553	97.5459
333.57	99.3682
333.588	100.642
333.605	52.4968
333.622	76.1867
333.639	109.95
333.656	83.3149
333.673	66.2369
333.69	170.852
333.707	145.198
333.724	144.382
333.741	154.534
333.758	118.513
333.775	187.08
333.793	198.76
333.81	348.194
333.827	236.671
333.844	252.315
333.861	261.701
333.878	147.05
333.895	62.0903
333.912	69.4285
333.929	30.906
333.946	23.5091
333.963	38.6542
333.98	59.9493
333.997	45.4534
334.014	55.7663
334.031	138.091
334.048	89.0754
334.064	114.62
334.081	40.1194
334.098	61.4667
334.115	32.2955
334.132	18.4491
334.149	51.7184
334.166	122.206
334.183	79.3878
334.2	63.7492
334.217	120.377
334.234	34.7376
334.251	30.8994
334.267	42.1699
334.284	58.826
334.301	47.7474
334.318	119.19
334.335	130
334.352	109.928
334.369	184.349
334.385	55.7041
334.402	70.2797
334.419	67.2072
334.436	27.175
334.453	57.5237
334.469	144.45
334.486	83.7403
334.503	78.1739
334.52	122.87
334.537	61.2119
334.553	112.633
334.57	71.0495
334.587	60.1285
334.604	164.905
334.62	218.951
334.637	293.17
334.654	116.278
334.671	164.553
334.687	51.5184
334.704	59.1949
334.721	92.4159
334.738	163.743
334.754	310.111
334.771	222.366
334.788	233.071
334.804	196.718
334.821	170.881
334.838	55.9533
334.854	106.95
334.871	133.846
334.888	239.813
334.904	207.443
334.921	261.718
334.938	322.442
334.954	256.49
334.971	95.6545
334.987	84.6845
335.004	166.881
335.021	265.522
335.037	227.89
335.054	261.307
335.07	397.765
335.087	272.856
335.104	90.6042
335.12	99.4763
335.137	287.594
335.153	348.25
335.17	422.585
335.186	294.165
335.203	349.824
335.219	293.302
335.236	158.843
335.252	253.275
335.269	470.41
335.285	295.941
335.302	466.114
335.318	285.319
335.335	472.85
335.351	241.077
335.368	278.848
335.384	712.878
335.401	287.421
335.417	612.083
335.434	383.158
335.45	492.737
335.467	342.303
335.483	370.704
335.499	820.435
335.516	394.69
335.532	551.822
335.549	342.738
335.565	613.347
335.581	493.193
335.598	561.916
335.614	804.079
335.631	303.824
335.647	766.18
335.663	522.28
335.68	657.936
335.696	663.263
335.712	933.884
335.729	509.774
335.745	607.198
335.761	798.717
335.778	478.65
335.794	1206.3
335.81	1397.53
335.827	943.858
335.843	411.378
335.859	910.508
335.875	600.971
335.892	909.597
335.908	1712.47
335.924	995.449
335.94	373.419
335.957	944.662
335.973	692.981
335.989	1060.88
336.005	2583.27
336.022	962.89
336.038	577.57
336.054	1242.77
336.07	897.295
336.087	1786.87
336.103	2379.5
336.119	572.587
336.135	682.232
336.151	1568.38
336.167	1287.7
336.184	2351.38
336.2	1581.29
336.216	565.77
336.232	1519.63
336.248	1763.84
336.264	1852.56
336.274	1229.3
336.292	1264.02
336.31	843.775
336.328	2021.71
336.346	1414.77
336.364	1089.68
336.382	1130.09
336.4	2209.99
336.418	1390.76
336.436	609.472
336.454	1505.29
336.472	2501.04
336.49	1691.28
336.508	583.017
336.526	1699.6
336.544	3237.73
336.562	959.014
336.58	628.862
336.598	2276.05
336.616	2394.99
336.634	794.25
336.652	1533.42
336.67	2154.92
336.687	1593.1
336.705	1335.1
336.723	1557.22
336.741	1949.52
336.759	1479.19
336.777	1676.38
336.795	1805.02
336.813	1420.58
336.831	1602.35
336.848	1410.19
336.866	1354.05
336.884	1565.44
336.902	2296.38
336.92	2653.26
336.938	2994.76
336.955	2462.55
336.973	3363.35
336.991	4317.71
337.009	4827.31
337.027	7162.95
337.044	10295.9
337.062	12795.2
337.08	10237.8
337.098	9948.79
337.116	6536.51
337.133	3623.78
337.151	695.538
337.169	286.721
337.187	274.119
337.204	208.759
337.222	138.434
337.24	198.657
337.257	151.222
337.275	133.268
337.293	146.102
337.311	191.872
337.328	232.844
337.346	159.637
337.364	138.286
337.381	77.5805
337.399	98.1438
337.417	92.5192
337.434	96.7219
337.452	69.47
337.47	143.894
337.487	181.101
337.505	102.461
337.523	151.286
337.54	106.138
337.558	119.083
337.575	63.1828
337.593	72.2885
337.611	101.548
337.628	90.8801
337.646	95.3046
337.663	68.529
337.681	63.0833
337.699	81.141
337.716	87.4844
337.734	77.2917
337.751	76.9128
337.769	58.2202
337.786	64.1511
337.804	53.834
337.821	63.0119
337.839	93.9443
337.856	106.775
337.874	108.727
337.891	109.722
337.909	59.9561
337.926	68.4867
337.944	53.2328
337.961	84.0781
337.979	101.792
337.996	64.0348
338.014	67.5096
338.031	71.8533
338.049	83.255
338.066	87.5498
338.083	78.1073
338.101	54.0947
338.118	67.3603
338.136	46.082
338.153	48.9664
338.171	56.505
338.188	34.2476
338.205	65.101
338.223	60.3141
338.24	50.0587
338.258	79.9681
338.275	58.1705
338.292	19.6772
338.31	46.5515
338.327	54.0142
338.344	55.7169
338.362	51.1371
338.379	45.7134
338.396	72.2508
338.414	39.8071
338.431	71.5181
338.448	54.4592
338.466	65.2277
338.483	38.4012
338.5	91.3859
338.517	57.9864
338.535	40.5425
338.552	45.7255
338.569	81.1887
338.586	45.2968
338.604	56.1629
338.621	86.1275
338.638	35.5511
338.655	43.6387
338.673	52.4168
338.69	39.7124
338.707	58.4658
338.724	45.6799
338.742	39.4117
338.759	36.2902
338.776	58.6411
338.793	46.502
338.81	37.0588
338.827	81.7869
338.845	83.3361
338.862	31.6786
338.879	38.6384
338.896	60.5396
338.913	33.2947
338.93	32.89
338.947	31.7844
338.965	49.4794
338.982	33.7073
338.999	47.2579
339.016	30.7135
339.033	65.0047
339.05	59.5478
339.067	33.6967
339.084	61.3798
339.101	56.313
339.118	35.0709
339.135	65.1017
339.152	55.5392
339.17	57.441
339.187	36.914
339.204	73.7922
339.221	48.2557
339.238	38.3334
339.255	50.9311
339.272	73.352
339.289	24.4915
339.306	31.5337
339.323	46.4564
339.34	30.8338
339.357	68.2665
339.374	50.6002
339.391	57.5621
339.408	31.3687
339.424	36.4955
339.441	35.2203
339.458	48.5373
339.475	45.8683
339.492	45.1898
339.509	39.5579
339.526	50.2115
339.543	34.8028
339.56	46.6003
339.577	46.6417
339.594	44.6362
339.611	55.9593
339.627	55.8507
339.644	58.7832
339.661	70.0371
339.678	24.8679
339.695	34.762
339.712	23.765
339.729	12.6166
339.745	34.3708
339.762	27.7612
339.779	77.4086
339.796	71.7026
339.813	38.0878
339.829	70.1774
339.846	26.5535
339.863	52.8285
339.88	49.8304
339.897	44.0423
339.913	72.4391
339.93	62.5988
339.947	20.6051
339.964	56.2303
339.98	37.3842
339.997	41.8448
340.014	39.8322
340.031	70.1384
340.047	40.3026
340.064	35.067
340.081	36.634
340.097	38.7391
340.114	37.6162
340.131	59.386
340.148	83.4332
340.164	49.8123
340.181	41.0951
340.198	67.5615
340.214	41.9743
340.231	35.5482
340.247	57.2847
340.264	72.8728
340.281	61.3039
340.297	46.8789
340.314	57.3641
340.331	49.8407
340.347	50.0365
340.364	48.8226
340.38	48.8126
340.397	51.1146
340.414	49.1504
340.43	80.2657
340.447	79.0009
340.463	51.8241
340.48	55.4119
340.496	47.9948
340.513	82.4022
340.529	80.7211
340.546	76.4478
340.563	36.0591
340.579	110.191
340.596	112.587
340.612	70.9635
340.629	115.825
340.645	93.9764
340.662	61.1201
340.678	89.0317
340.695	85.862
340.711	81.8101
340.727	79.3658
340.744	79.9948
340.76	70.1387
340.777	57.6848
340.793	103.428
340.81	75.1201
340.826	92.7716
340.843	95.2271
340.859	58.9605
340.875	87.5602
340.892	96.4847
340.908	93.4721
340.925	148.557
340.941	139.626
340.957	90.4962
340.974	112.162
340.99	105.265
341.006	100.701
341.023	76.3227
341.039	157.684
341.057	126.984
341.076	164.514
341.094	81.4085
341.112	82.5876
341.13	92.4687
341.149	121.048
341.167	80.5777
341.185	106.505
341.203	120.585
341.222	136.79
341.24	110.851
341.258	116.695
341.276	110.533
341.295	111.511
341.313	147.602
341.331	103.135
341.349	155.724
341.368	123.228
341.386	98.8733
341.404	133.72
341.422	145.652
341.44	100.08
341.458	195.422
341.477	161.27
341.495	113.526
341.513	117.079
341.531	95.3131
341.549	103.834
341.567	87.9932
341.586	106.74
341.604	149.203
341.622	135.678
341.64	188.05
341.658	195.63
341.676	163.116
341.694	179.344
341.712	161.759
341.73	233.989
341.749	252.709
341.767	186.826
341.785	260.918
341.803	309.162
341.821	340.26
341.839	498.251
341.857	494.456
341.875	489.877
341.893	361.994
341.911	363.022
341.929	274.312
341.947	186.441
341.965	153.492
341.983	108.453
342.001	86.2855
342.019	103.227
342.037	89.1627
342.055	74.1524
342.073	74.9175
342.091	70.2888
342.109	49.2905
342.127	55.6245
342.145	61.8764
342.163	51.8005
342.181	48.4869
342.199	47.932
342.217	67.7795
342.234	47.6482
342.252	49.7679
342.27	59.2694
342.288	74.0664
342.306	45.6123
342.324	80.9024
342.342	56.1371
342.36	61.8464
342.378	54.4834
342.395	58.6548
342.413	35.7386
342.431	47.1052
342.449	55.4361
342.467	59.021
342.485	27.8451
342.503	28.6201
342.52	38.0864
342.538	46.7722
342.556	40.5061
342.574	43.334
342.592	49.4514
342.609	45.8506
342.627	39.9955
342.645	28.4329
342.663	35.2733
342.68	30.976
342.698	32.7595
342.716	43.9362
342.734	43.2398
342.751	28.6733
342.769	18.6254
342.787	47.16
342.805	36.6412
342.822	44.5933
342.84	41.1085
342.858	25.9753
342.876	14.7862
342.893	38.3926
342.911	11.9724
342.929	35.6671
342.946	52.6223
342.964	61.8805
342.982	65.1307
342.999	55.0735
343.017	20.3254
343.034	32.2123
343.052	31.5866
343.07	41.5083
343.087	41.9593
343.105	39.6348
343.123	52.6806
343.14	52.7906
343.158	42.1407
343.175	39.7076
343.193	17.2625
343.211	22.2494
343.228	30.5586
343.246	33.9271
343.263	77.5108
343.281	30.454
343.298	29.8119
343.316	50.7561
343.333	62.9088
343.351	43.7098
343.369	49.3042
343.386	66.5279
343.404	45.6501
343.421	56.0809
343.439	65.0274
343.456	108.756
343.474	34.1728
343.491	45.0589
343.508	57.8723
343.526	50.3518
343.543	46.3524
343.561	39.0463
343.578	58.7642
343.596	44.7273
343.613	79.1529
343.631	88.0016
343.648	64.4335
343.665	33.7924
343.683	52.7891
343.7	92.1335
343.718	47.1356
343.735	23.2027
343.752	47.5134
343.77	34.4759
343.787	45.6655
343.805	56.3036
343.822	41.4203
343.839	44.7547
343.857	37.8144
343.874	61.9591
343.891	52.1206
343.909	44.745
343.926	37.5778
343.943	37.1262
343.961	36.6764
343.978	48.9289
343.995	20.7284
344.012	46.6787
344.03	59.6974
344.047	33.629
344.064	26.8089
344.082	60.3453
344.099	54.4439
344.116	31.9611
344.133	58.9019
344.151	31.7912
344.168	24.86
344.185	18.5618
344.202	45.3991
344.219	53.824
344.237	20.1706
344.254	47.0752
344.271	29.6184
344.288	38.5544
344.305	49.0391
344.323	24.6298
344.34	37.7375
344.357	15.1854
344.374	27.9764
344.391	34.5614
344.408	28.3076
344.426	45
344.443	74.8474
344.46	23.3652
344.477	27.5116
344.494	23.1037
344.511	22.6795
344.528	45.5421
344.545	27.4203
344.562	36.1603
344.58	38.0331
344.597	31.2368
344.614	33.1359
344.631	34.0099
344.648	31.2422
344.665	8.36627
344.682	34.6007
344.699	14.2279
344.716	10.0235
344.733	20.0665
344.75	8.80234
344.767	24.0935
344.784	17.4377
344.801	35.9896
344.818	12.9345
344.835	18.3687
344.852	16.6442
344.869	90.556
344.886	11.2483
344.903	22.4452
344.92	16.1898
344.937	15.6463
344.954	16.3554
344.971	8.86419
344.988	6.65379
345.004	8.1093
345.021	18.5133
345.038	20.7779
345.055	24.4796
345.072	8.46738
345.089	10.7183
345.106	15.291
345.123	22.4402
345.14	39.4812
345.156	20.9588
345.173	8.22793
345.19	15.3993
345.207	25.4928
345.224	12.2869
345.241	12.8836
345.258	30.8928
345.274	37.2129
345.291	25.1311
345.308	20.8666
345.325	39.4395
345.342	36.8887
345.358	8.31595
345.375	11.0669
345.392	11.9668
345.409	28.6077
345.425	23.5983
345.442	16.6249
345.459	22.8666
345.476	23.3197
345.492	25.397
345.509	23.1801
345.526	32.2622
345.543	14.3814
345.559	31.4195
345.576	14.7309
345.593	15.8933
345.609	20.6821
345.626	50.3559
345.643	31.5716
345.659	23.6955
345.676	44.984
345.693	48.2965
345.709	30.2512
345.726	11.3265
345.743	38.476
345.759	41.7152
345.776	31.0102
345.793	18.8954
345.809	36.5431
345.826	29.7388
345.842	47.6907
345.859	28.207
345.876	42.2827
345.892	21.6113
345.909	35.7174
345.925	47.8111
345.942	45.5287
345.96	48.2653
345.979	57.3361
345.998	50.2852
346.016	40.5333
346.035	43.4804
346.053	38.6012
346.072	37.9873
346.09	51.3698
346.109	49.5134
346.127	54.6769
346.146	40.9259
346.164	33.116
346.183	46.446
346.201	49.2098
346.22	41.2082
346.238	56.7216
346.257	41.263
346.275	49.4017
346.294	40.5114
346.312	55.0417
346.331	57.7866
346.349	50.4191
346.368	51.0032
346.386	54.1816
346.405	48.51
346.423	43.1646
346.442	65.5472
346.46	76.0788
346.478	63.2663
346.497	65.7231
346.515	55.674
346.534	72.1997
346.552	73.8687
346.57	75.3547
346.589	71.9404
346.607	59.2431
346.625	63.5845
346.644	81.9315
346.662	76.3757
346.681	45.0923
346.699	65.4605
346.717	65.9521
346.736	85.1892
346.754	63.9234
346.772	94.698
346.791	99.7466
346.809	89.5911
346.827	104.055
346.845	92.2624
346.864	98.7079
346.882	87.3924
346.9	70.5634
346.919	54.6959
346.937	93.7995
346.955	94.4411
346.973	66.2427
346.992	66.8342
347.01	72.6635
347.028	51.4966
347.046	85.4048
347.065	71.605
347.083	66.9055
347.101	84.9265
347.119	67.9438
347.137	52.9723
347.156	60.1833
347.174	69.9356
347.192	63.8094
347.21	59.7553
347.228	74.2004
347.246	50.7713
347.265	78.4187
347.283	50.4422
347.301	58.3848
347.319	55.9876
347.337	37.4976
347.355	65.9173
347.373	34.359
347.392	52.753
347.41	70.7415
347.428	36.442
347.446	38.9241
347.464	35.4728
347.482	41.5727
347.5	50.0683
347.518	49.8105
347.536	25.5599
347.554	40.269
347.572	39.7047
347.59	45.3967
347.608	28.9447
347.626	30.2983
347.644	28.0478
347.662	42.6106
347.68	66.9722
347.698	40.021
347.716	25.4373
347.734	23.6172
347.752	34.7769
347.77	22.1061
347.788	19.9458
347.806	34.31
347.824	37.3756
347.842	35.4996
347.86	20.2119
347.878	35.1167
347.896	28.8298
347.914	41.2807
347.932	34.1399
347.95	20.619
347.968	31.3205
347.986	17.1622
348.004	22.6335
348.021	25.3749
348.039	19.7845
348.057	20.5032
348.075	41.0662
348.093	65.9989
348.111	25.7635
348.129	21.594
348.147	34.8055
348.164	41.5174
348.182	30.4801
348.2	74.8335
348.218	54.8227
348.236	32.996
348.254	47.7245
348.271	34.4522
348.289	29.0856
348.307	41.3298
348.325	36.238
348.342	35.7886
348.36	47.1786
348.378	67.0773
348.396	41.7616
348.414	49.3911
348.431	36.6141
348.449	42.7441
348.467	33.2533
348.484	43.1216
348.502	29.4452
348.52	36.7486
348.538	50.0439
348.555	44.2236
348.573	20.0348
348.591	41.4554
348.608	41.3068
348.626	52.2694
348.644	35.2569
348.661	18.6722
348.679	28.0191
348.697	43.7554
348.714	67.0211
348.732	24.6721
348.75	25.0482
348.767	21.8776
348.785	46.9117
348.802	67.6925
348.82	40.0529
348.838	27.4266
348.855	20.1062
348.873	21.0767
348.89	28.7979
348.908	20.5649
348.926	52.001
348.943	59.0082
348.961	20.1091
348.978	50.8952
348.996	34.2675
349.013	37.6002
349.031	30.2793
349.048	46.2985
349.066	11.116
349.083	45.7018
349.101	38.8685
349.118	34.1906
349.136	16.1856
349.153	55.0644
349.171	97.5782
349.188	31.4242
349.206	21.8458
349.223	35.9597
349.241	72.5155
349.258	84.6028
349.276	31.1625
349.293	22.929
349.31	49.2324
349.328	75.9217
349.345	25.4908
349.363	20.1751
349.38	27.4335
349.397	90.3547
349.415	65.9507
349.432	38.1971
349.45	27.9076
349.467	48.3461
349.484	56.1127
349.502	50.5178
349.519	60.7235
349.536	37.0399
349.554	49.933
349.571	40.2469
349.588	59.095
349.606	39.2427
349.623	25.6493
349.64	66.8222
349.658	41.3437
349.675	48.0686
349.692	31.9841
349.709	37.3568
349.727	59.1042
349.744	88.005
349.761	59.6692
349.779	63.3855
349.796	48.5032
349.813	117.03
349.83	103.034
349.847	120.465
349.865	75.6613
349.882	106.874
349.899	151.683
349.916	184.395
349.933	199.41
349.951	149.64
349.968	146.774
349.985	236.659
350.002	117.199
350.019	148.128
350.037	79.6176
350.054	18.818
350.071	27.0819
350.088	14.5846
350.105	50.321
350.122	20.9322
350.139	23.4815
350.156	22.1249
350.174	51.6051
350.191	6.82095
350.208	25.8452
350.225	70.5354
350.242	56.5571
350.259	14.9068
350.276	55.3893
350.293	38.2691
350.31	31.3103
350.327	16.9517
350.344	20.0117
350.361	33.2665
350.378	17.5175
350.395	21.1912
350.412	24.0906
350.429	22.0256
350.446	36.0545
350.463	33.0457
350.48	58.963
350.497	43.7514
350.514	43.6465
350.531	53.304
350.548	32.6475
350.565	40.9497
350.582	16.8591
350.599	9.35143
350.616	46.7509
350.633	65.187
350.65	37.8873
350.667	97.2624
350.684	37.184
350.701	65.368
350.717	36.3172
350.734	30.893
350.751	55.3986
350.768	45.3082
350.785	48.1735
350.802	52.4866
350.819	54.5572
350.836	34.8927
350.852	46.7
350.869	54.4221
350.886	42.735
350.903	39.4099
350.92	51.7657
350.937	46.5352
350.953	85.1062
350.97	91.511
350.987	69.66
350.998	101.609
351.017	50.6611
351.036	114.291
351.055	88.2611
351.074	63.8412
351.093	67.9338
351.111	118.734
351.13	62.8186
351.149	101.513
351.168	67.8698
351.187	46.0679
351.206	74.4568
351.224	61.0252
351.243	50.8029
351.262	66.9583
351.281	96.4972
351.299	117.333
351.318	68.7674
351.337	84.8668
351.356	100.609
351.375	72.7084
351.393	70.0445
351.412	117.167
351.431	75.172
351.449	63.8771
351.468	98.7617
351.487	134.103
351.506	121.959
351.524	78.8112
351.543	93.3243
351.562	98.7941
351.58	87.9292
351.599	103.486
351.618	83.1607
351.636	124.646
351.655	191.713
351.674	94.3154
351.692	182.393
351.711	111.056
351.73	77.5935
351.748	209.902
351.767	135.724
351.786	211.835
351.804	91.8112
351.823	181.637
351.841	185.92
351.86	145.632
351.879	153.65
351.897	122.679
351.916	203.608
351.934	124.389
351.953	178.271
351.971	159.733
351.99	155.853
352.009	232.396
352.027	116.139
352.046	144.77
352.064	260.762
352.083	281.811
352.101	142.312
352.12	198.481
352.138	291.65
352.157	130.189
352.175	256.698
352.194	319.132
352.212	197.805
352.231	155.499
352.249	356.936
352.267	160.165
352.286	289.971
352.304	474.981
352.323	198.23
352.341	168.293
352.36	302.912
352.378	179.909
352.397	155.132
352.415	457.029
352.433	221.62
352.452	112.282
352.47	236.357
352.489	204.656
352.507	242.034
352.525	369.994
352.544	185.757
352.562	133.156
352.58	301.039
352.599	249.887
352.617	363.476
352.635	266.199
352.654	125.951
352.672	308.964
352.69	377.096
352.709	301.286
352.727	244.481
352.745	314.789
352.763	255.953
352.782	416.199
352.8	253.991
352.818	146.253
352.837	307.103
352.855	331.211
352.873	644.971
352.891	132.778
352.91	170.234
352.928	329.061
352.946	715.498
352.964	246.431
352.982	121.193
353.001	241.628
353.019	649.97
353.037	392.964
353.055	201.825
353.073	257.123
353.092	502.659
353.11	433.948
353.128	271.623
353.146	385.083
353.164	339.401
353.182	468.461
353.2	328.194
353.219	351.184
353.237	411.225
353.255	544.87
353.273	257.56
353.291	311.615
353.309	369.557
353.327	326.027
353.345	361.966
353.363	398.109
353.381	245.402
353.4	410.958
353.418	559.657
353.436	860.177
353.454	504.58
353.472	832.085
353.49	630.634
353.508	1028.77
353.526	930.78
353.544	1479.83
353.562	1870.98
353.58	2272.14
353.598	1521.11
353.616	1785.89
353.634	1189.6
353.652	1220.84
353.67	385.358
353.688	75.1067
353.706	48.8572
353.724	57.9235
353.741	38.7365
353.759	64.9249
353.777	77.9937
353.795	62.8014
353.813	106.176
353.831	114.621
353.849	80.8286
353.867	72.2001
353.885	15.0244
353.903	26.4918
353.921	49.5811
353.938	46.6542
353.956	37.0617
353.974	33.7348
353.992	40.2942
354.01	79.9206
354.028	68.6357
354.046	95.1446
354.063	91.642
354.081	43.6885
354.099	32.118
354.117	20.5175
354.135	25.1793
354.152	16.0387
354.17	46.1571
354.188	66.1744
354.206	75.9508
354.223	53.5058
354.241	56.5088
354.259	53.4507
354.277	28.3107
354.294	31.3976
354.312	30.1094
354.33	49.967
354.348	50.6084
354.365	34.3542
354.383	124.74
354.401	94.2623
354.418	122.594
354.436	85.3171
354.454	54.0533
354.471	36.2221
354.489	36.7709
354.507	45.3274
354.524	26.063
354.542	111.968
354.56	118.448
354.577	98.1176
354.595	78.3778
354.613	141.006
354.63	47.4703
354.648	33.0825
354.665	66.0438
354.683	60.7686
354.701	51.5959
354.718	195.461
354.736	98.7101
354.753	108.63
354.771	126.458
354.789	198.91
354.806	100.87
354.824	72.0283
354.841	91.8278
354.859	86.5849
354.876	115.732
354.894	160.649
354.911	85.5507
354.929	163.04
354.946	116.656
354.964	193.755
354.981	113.8
354.999	54.9904
355.016	25.9994
355.034	46.8162
355.051	255.021
355.068	220.897
355.086	244.75
355.103	178.712
355.121	147.096
355.138	144.225
355.156	58.4644
355.173	62.8703
355.19	55.2691
355.208	262.772
355.225	145.397
355.243	229.916
355.26	288.761
355.277	215.201
355.295	225.735
355.312	58.7325
355.329	59.5205
355.347	108.101
355.364	369.815
355.382	202.405
355.399	244.561
355.416	197.404
355.433	223.665
355.451	301.29
355.468	90.9699
355.485	102.102
355.503	225.802
355.52	331.797
355.537	157.801
355.554	334.258
355.572	108.25
355.589	303.322
355.606	227.414
355.623	64.0432
355.641	280.318
355.658	532.564
355.675	190.233
355.692	344.734
355.71	387.981
355.727	225.109
355.744	374.121
355.761	121.417
355.778	249.647
355.796	418.761
355.813	189.689
355.83	325.882
355.847	374.278
355.864	233.697
355.881	446.923
355.898	209.646
355.916	468.843
355.933	571.432
355.95	259.794
355.967	413.787
355.984	422.419
356.001	383.76
356.018	548.965
356.035	445.421
356.052	812.476
356.069	239.979
356.087	236.728
356.104	630.381
356.121	215.915
356.138	483.911
356.155	684.32
356.172	802.439
356.189	450.162
356.206	223.085
356.225	688.751
356.244	319.761
356.263	502.714
356.282	924.508
356.301	495.525
356.321	223.001
356.34	664.539
356.359	449.76
356.378	318.976
356.397	1534.1
356.416	472.164
356.435	231.555
356.454	749.119
356.473	454.22
356.492	730.484
356.512	1285.74
356.531	283.018
356.55	288.729
356.569	823.619
356.588	448.943
356.607	1290.66
356.626	896.471
356.645	250.695
356.664	703.373
356.683	986.359
356.702	1219.47
356.721	918.951
356.74	528.681
356.759	622.045
356.778	1142.33
356.797	1117.67
356.816	680.375
356.835	715.647
356.854	1002.63
356.873	1595.44
356.892	613.074
356.911	544.511
356.93	1124.46
356.948	2092.82
356.967	1326.67
356.986	465.629
357.005	847.632
357.024	1586.53
357.043	1231.58
357.062	496.983
357.081	715.669
357.1	2058.99
357.118	1366.08
357.137	620.394
357.156	1271.58
357.175	1504.08
357.194	1218.44
357.213	1048.48
357.232	1109.9
357.25	1491.9
357.269	1570.91
357.288	938.694
357.307	1203.54
357.326	1585.47
357.344	976.514
357.363	1347.79
357.382	1343.89
357.401	1109.57
357.42	1321.73
357.438	1711.69
357.457	2356.21
357.476	1914.78
357.495	2664.97
357.513	1903.41
357.532	3346.47
357.551	3704.26
357.569	4940.03
357.588	7250.27
357.607	8036.08
357.626	5982.29
357.644	6419.56
357.663	4005.3
357.682	3142.27
357.7	494.611
357.719	169.717
357.738	121.218
357.756	106.103
357.775	114.809
357.794	145.278
357.812	95.4775
357.831	96.2136
357.85	83.4091
357.868	115.05
357.887	119.795
357.905	131.737
357.924	114.88
357.943	144.032
357.961	123.72
357.98	110.401
357.998	115.676
358.017	65.6591
358.035	94.3305
358.054	100.556
358.072	110.103
358.091	167.11
358.11	123.72
358.128	192.06
358.147	203.725
358.165	286.287
358.184	340.444
358.202	292.597
358.221	116.877
358.239	115.859
358.258	113.753
358.276	77.5162
358.295	72.6216
358.313	76.6274
358.331	101.143
358.35	41.5177
358.368	48.554
358.387	35.6184
358.405	70.7035
358.424	44.6747
358.442	41.0004
358.46	59.0171
358.479	50.7958
358.497	45.281
358.516	57.8944
358.534	84.7101
358.552	42.9963
358.571	69.9833
358.589	76.7017
358.607	66.8131
358.626	61.945
358.644	34.369
358.662	82.6561
358.681	65.7982
358.699	77.6123
358.717	80.8964
358.736	55.346
358.754	95.9937
358.772	87.1077
358.791	80.6528
358.809	125.928
358.827	98.043
358.845	115.029
358.864	89.7748
358.882	70.2154
358.9	82.7553
358.919	117.311
358.937	80.8581
358.955	31.3557
358.973	31.9496
358.991	40.792
359.01	29.9605
359.028	29.3065
359.046	33.7453
359.064	32.143
359.082	36.8976
359.101	28.0632
359.119	25.0844
359.137	37.7183
359.155	33.0807
359.173	13.7969
359.191	37.218
359.21	36.9372
359.228	23.2563
359.246	16.5048
359.264	23.5828
359.282	30.5059
359.3	35.4558
359.318	42.7655
359.336	29.7869
359.354	19.6463
359.373	21.0867
359.391	42.0212
359.409	28.6713
359.427	16.0895
359.445	33.6911
359.463	35.792
359.481	28.0906
359.499	36.6361
359.517	20.7296
359.535	25.6415
359.553	26.8253
359.571	34.7977
359.589	25.9193
359.607	14.982
359.625	62.0091
359.643	52.4437
359.661	32.9078
359.679	41.3591
359.697	40.3077
359.715	29.3018
359.733	7.34698
359.751	18.3349
359.769	21.7282
359.787	25.4782
359.804	17.4386
359.822	35.0591
359.84	19.1889
359.858	25.7255
359.876	21.3035
359.894	33.7059
359.912	32.164
359.93	33.9824
359.948	14.7986
359.965	14.9273
359.983	29.4146
360.001	20.7397
360.019	40.9336
360.037	28.7441
360.055	32.9175
360.073	38.2871
360.09	16.8096
360.108	35.021
360.126	32.9308
360.144	23.048
360.162	45.6517
360.179	21.1269
360.197	22.537
360.215	25.8103
360.233	18.5712
360.25	39.2777
360.268	34.9591
360.286	14.3371
360.304	16.0194
360.321	27.0615
360.339	50.4509
360.357	30.9204
360.375	28.4074
360.392	18.6123
360.41	49.104
360.428	12.7871
360.445	32.9289
360.463	24.701
360.481	23.8669
360.498	22.1622
360.516	17.5286
360.534	33.9259
360.551	22.1819
360.569	42.0878
360.586	47.4224
360.604	37.774
360.622	38.1589
360.639	25.8545
360.657	51.4653
360.675	40.1107
360.692	26.8001
360.71	54.4354
360.727	22.5088
360.745	25.3796
360.762	14.5357
360.78	27.6233
360.798	28.6301
360.815	45.2757
360.833	23.2868
360.85	41.6826
360.868	28.424
360.885	33.1334
360.903	41.5884
360.92	48.5049
360.938	71.2805
360.955	49.9782
360.973	46.8119
360.99	30.692
361.008	22.5166
361.025	21.9044
361.043	23.4744
361.06	17.537
361.077	30.7594
361.095	42.7789
361.112	23.1602
361.13	48.3667
361.147	101.564
361.165	78.1738
361.182	54.2905
361.199	49.7148
361.217	48.3946
361.234	60.1191
361.251	57.1914
361.269	47.5779
361.286	65.37
361.304	31.4932
361.321	60.4235
361.338	63.3488
361.356	69.7153
361.373	35.1293
361.39	43.0542
361.408	49.434
361.425	30.9855
361.442	95.4972
361.459	36.3044
361.477	96.495
361.494	58.1961
361.511	66.5238
361.529	29.0294
361.546	31.6495
361.561	100.759
361.581	66.7995
361.6	70.6874
361.62	61.7172
361.639	78.6777
361.658	74.3189
361.678	103.63
361.697	147.908
361.717	95.2402
361.736	113.958
361.756	105.713
361.775	117.6
361.794	142.807
361.814	150.906
361.833	49.7087
361.852	83.6383
361.872	108.657
361.891	120.478
361.911	82.7638
361.93	71.0718
361.949	87.8427
361.969	93.7818
361.988	62.9059
362.007	91.2853
362.027	75.7277
362.046	52.9775
362.065	65.2012
362.085	79.1487
362.104	97.9406
362.123	93.0532
362.142	75.5349
362.162	91.8037
362.181	87.7493
362.2	87.2853
362.219	61.0321
362.239	131.051
362.258	79.624
362.277	137.969
362.296	107.949
362.316	126.062
362.335	105.188
362.354	132.145
362.373	102.045
362.393	124.973
362.412	149.724
362.431	164.174
362.45	150.958
362.469	112.559
362.488	148.047
362.508	221.358
362.527	173.07
362.546	109.279
362.565	124.157
362.584	164.685
362.603	116.724
362.622	134.136
362.642	119.056
362.661	187.536
362.68	118.063
362.699	113.295
362.718	131.879
362.737	130.435
362.756	142.255
362.775	128.802
362.794	127.108
362.813	128.165
362.832	109.389
362.851	108.239
362.871	100.936
362.89	135.092
362.909	184.717
362.928	211.339
362.947	216.921
362.966	230.517
362.985	362.596
363.004	356.378
363.023	422.978
363.042	310.699
363.061	241.386
363.08	210.304
363.098	186.859
363.117	87.3836
363.136	101.077
363.155	50.6711
363.174	61.5468
363.193	77.134
363.212	37.8449
363.231	55.4822
363.25	48.5443
363.269	39.4086
363.288	38.9386
363.307	47.0092
363.326	41.8813
363.344	42.5456
363.363	39.7699
363.382	27.6148
363.401	31.8911
363.42	45.8498
363.439	64.9245
363.458	39.5592
363.476	27.3786
363.495	32.6977
363.514	27.6026
363.533	35.4691
363.552	29.8887
363.57	35.9903
363.589	55.1233
363.608	40.2215
363.627	21.7798
363.646	29.2264
363.664	23.0414
363.683	27.2368
363.702	24.6018
363.721	11.9453
363.739	39.4574
363.758	41.5666
363.777	22.1114
363.796	47.6138
363.814	23.7686
363.833	33.3152
363.852	43.6375
363.87	19.2347
363.889	18.9732
363.908	13.874
363.926	25.1916
363.945	15.3222
363.964	24.5369
363.982	18.0342
364.001	32.9786
364.02	17.1634
364.038	23.1919
364.057	25.4129
364.076	16.4799
364.094	41.299
364.113	32.4125
364.131	36.8121
364.15	32.6421
364.169	27.3739
364.187	49.9571
364.206	39.9453
364.224	41.035
364.243	20.094
364.262	10.9381
364.28	33.3368
364.299	35.7219
364.317	15.9816
364.336	30.3623
364.354	21.366
364.373	38.0054
364.391	36.7363
364.41	38.2872
364.428	15.3896
364.447	14.0598
364.465	9.96413
364.484	14.8551
364.502	21.31
364.521	18.5828
364.539	17.2298
364.557	15.6524
364.576	17.8013
364.594	17.2114
364.613	26.5191
364.631	8.88116
364.65	22.5118
364.668	17.2582
364.686	4.49774
364.705	11.2712
364.723	10.1849
364.742	16.1368
364.76	14.2658
364.778	14.1486
364.797	32.1299
364.815	20.9279
364.833	29.1498
364.852	7.58038
364.87	18.4866
364.888	15.4585
364.907	16.4151
364.925	15.9593
364.943	7.66392
364.962	7.42792
364.98	19.323
364.998	15.7034
365.017	22.0733
365.035	23.4062
365.053	20.7952
365.071	9.93022
365.09	14.1625
365.108	22.553
365.126	20.5022
365.144	18.8204
365.163	24.5148
365.181	19.7604
365.199	16.5454
365.217	15.4424
365.235	13.1861
365.254	24.6444
365.272	17.6651
365.29	34.5789
365.308	11.1261
365.326	10.1837
365.344	18.6702
365.363	15.0295
365.381	11.1364
365.399	7.8525
365.417	14.4649
365.435	30.5027
365.453	41.6469
365.471	43.093
365.49	18.8476
365.508	9.04888
365.526	8.31572
365.544	20.8006
365.562	13.0614
365.58	18.1207
365.598	17.3606
365.616	26.6345
365.634	15.8266
365.652	13.9372
365.67	15.1654
365.688	20.7822
365.706	16.4936
365.724	27.2323
365.742	17.3605
365.76	25.8943
365.778	18.4397
365.796	34.9618
365.814	9.94868
365.832	25.5813
365.85	43.2396
365.868	24.8453
365.886	20.8968
365.904	32.7053
365.922	34.9703
365.94	41.1963
365.958	24.524
365.976	60.7517
365.994	26.1079
366.012	8.99776
366.03	36.3427
366.047	24.824
366.065	6.64252
366.083	16.2092
366.101	13.2067
366.119	21.6131
366.137	28.4712
366.155	8.54638
366.173	7.43798
366.19	37.1917
366.208	27.7107
366.226	26.6991
366.244	22.4218
366.262	18.1002
366.28	24.6345
366.297	20.1553
366.315	35.0582
366.333	31.8171
366.351	17.2087
366.368	26.8787
366.386	31.5317
366.404	42.7995
366.422	30.6865
366.44	26.0153
366.457	52.792
366.475	50.8222
366.493	37.1489
366.51	37.1749
366.528	27.8526
366.546	59.8073
366.564	10.5798
366.581	40.0222
366.599	20.5174
366.617	36.0255
366.634	14.5594
366.652	41.4962
366.67	34.6834
366.687	22.183
366.705	29.5368
366.723	24.4692
366.74	29.6718
366.758	27.5917
366.775	28.8814
366.793	45.4324
366.811	63.3363
366.828	78.0793
366.846	97.6918
366.863	43.1888
366.881	44.4146
366.899	13.1648
366.916	44.1469
366.934	57.1922
366.951	61.6327
366.969	46.6059
366.986	94.173
367.004	25.6436
367.021	62.3068
367.039	65.5088
367.056	75.4274
367.072	102.272
367.091	44.4728
367.111	70.837
367.131	42.9765
367.151	77.4333
367.17	26.3561
367.19	67.4981
367.21	32.7493
367.23	24.5663
367.249	28.7145
367.269	27.2335
367.289	23.4385
367.308	49.6345
367.328	45.3424
367.348	40.5384
367.368	21.6963
367.387	16.5835
367.407	55.3397
367.427	41.4787
367.446	68.2759
367.466	56.5113
367.486	45.6453
367.505	60.0719
367.525	44.749
367.544	30.8008
367.564	42.9635
367.584	32.7451
367.603	46.1662
367.623	51.759
367.643	50.6037
367.662	59.1924
367.682	34.8849
367.701	39.8789
367.721	43.0543
367.741	25.0291
367.76	46.1877
367.78	45.471
367.799	42.7346
367.819	54.4423
367.838	49.9237
367.858	23.575
367.877	48.0138
367.897	71.5232
367.916	43.7134
367.936	63.3045
367.955	58.3219
367.975	53.0509
367.994	83.0827
368.014	79.324
368.033	35.6684
368.053	54.5948
368.072	58.3697
368.092	69.5777
368.111	55.6992
368.131	66.4284
368.15	50.6452
368.169	58.3105
368.189	52.9124
368.208	39.7304
368.228	46.8605
368.247	45.5973
368.267	54.3537
368.286	50.8922
368.305	52.2049
368.325	55.1109
368.344	91.5838
368.363	57.9394
368.383	49.5944
368.402	65.3139
368.421	51.7586
368.441	81.8398
368.46	91.7658
368.479	60.5391
368.499	44.7121
368.518	62.5295
368.537	80.1976
368.557	50.2173
368.576	73.9793
368.595	73.0597
368.615	64.0467
368.634	66.3513
368.653	67.7344
368.672	65.8461
368.692	54.4695
368.711	61.6744
368.73	76.8536
368.749	54.9115
368.769	40.4393
368.788	52.5823
368.807	49.2865
368.826	49.5237
368.845	56.2787
368.865	45.1109
368.884	59.4985
368.903	58.837
368.922	48.1632
368.941	52.2177
368.96	54.2055
368.98	59.6519
368.999	50.6461
369.018	38.7411
369.037	42.393
369.056	56.4609
369.075	28.5603
369.094	44.37
369.114	47.3371
369.133	48.9341
369.152	59.6631
369.171	28.9529
369.19	88.2059
369.209	75.2727
369.228	44.1981
369.247	40.8304
369.266	69.0749
369.285	53.5901
369.304	34.0952
369.323	43.766
369.342	65.5323
369.361	33.437
369.38	60.5274
369.399	105.622
369.418	87.0894
369.437	32.2726
369.456	31.2382
369.475	63.218
369.494	43.76
369.513	58.3906
369.532	98.8016
369.551	60.376
369.57	22.9524
369.589	37.0266
369.608	82.4626
369.627	46.6065
369.646	87.7324
369.665	103.009
369.684	74.3335
369.703	65.1422
369.721	58.6444
369.74	73.7215
369.759	124.143
369.778	80.6448
369.797	44.2347
369.816	31.9578
369.835	37.1927
369.854	64.9747
369.872	79.3497
369.891	63.4895
369.91	64.6351
369.929	42.9836
369.948	34.7787
369.966	115.308
369.985	124.275
370.004	30.2572
370.023	70.7127
370.042	77.06
370.06	71.7406
370.079	91.9951
370.098	31.1169
370.117	18.2721
370.135	33.9753
370.154	73.0149
370.173	132.768
370.192	57.8963
370.21	45.734
370.229	33.3204
370.248	87.0372
370.266	140.566
370.285	36.7887
370.304	38.4946
370.322	42.1735
370.341	128.565
370.36	117.697
370.378	47.023
370.397	61.1271
370.416	75.5214
370.434	92.8593
370.453	118.274
370.472	74.0636
370.49	65.37
370.509	69.3714
370.527	102.095
370.546	89.1649
370.565	54.5965
370.583	149.16
370.602	130.795
370.62	75.2183
370.639	74.3947
370.658	101.513
370.676	70.831
370.695	110.066
370.713	76.6888
370.732	87.2354
370.75	90.4637
370.769	55.5135
370.787	143.712
370.806	79.7175
370.824	172.934
370.843	196.45
370.861	155.974
370.88	233.367
370.898	267.003
370.917	352.711
370.935	404.601
370.953	246.584
370.972	285.273
370.99	400.742
371.009	180.402
371.027	210.178
371.046	241.72
371.064	38.3154
371.082	15.9471
371.101	47.5653
371.119	21.6779
371.138	15.7861
371.156	18.9358
371.174	22.417
371.193	6.94554
371.211	14.4008
371.229	14.032
371.248	29.3453
371.266	16.8922
371.284	22.9068
371.303	15.3745
371.321	20.9992
371.339	36.2916
371.357	28.6884
371.376	41.4357
371.394	8.64393
371.412	18.6039
371.431	15.7045
371.449	25.2704
371.467	4.16589
371.485	2.47142
371.504	5.44752
371.522	8.89888
371.54	25.4783
371.558	19.7934
371.577	25.936
371.595	25.903
371.613	35.2833
371.631	27.7169
371.649	21.2607
371.667	29.0684
371.686	10.2938
371.704	19.1437
371.722	10.304
371.74	16.5529
371.758	12.2502
371.776	43.4199
371.795	14.3706
371.813	17.9431
371.831	25.3833
371.849	24.374
371.867	12.3925
371.885	12.1214
371.903	25.1797
371.921	20.9405
371.939	4.01367
371.957	22.9368
371.975	28.0629
371.993	19.9715
372.012	26.438
372.03	34.5866
372.048	23.9601
372.066	35.3493
372.084	38.6845
372.102	10.0317
372.12	18.6916
372.138	31.1172
372.156	19.0094
372.174	57.7871
372.192	48.269
372.21	29.0398
372.228	34.081
372.246	18.493
372.263	51.3866
372.281	28.3298
372.299	12.1394
372.317	23.223
372.335	18.8805
372.353	55.7257
372.371	62.3525
372.389	25.7872
372.407	95.1663
372.425	42.5551
372.443	62.8835
372.46	32.0824
372.478	4.20734
372.496	12.0761
372.514	22.1811
372.532	11.064
372.55	106.048
372.568	57.2233
372.585	33.0525
372.603	64.6936
372.621	27.7689
372.639	79.2923
372.657	29.0582
372.674	15.5189
372.692	34.2012
372.71	19.4583
372.728	50.1007
372.746	70.759
372.764	29.4254
372.784	72.2082
372.804	34.2488
372.824	63.4988
372.844	39.6661
372.864	30.8248
372.885	27.6089
372.905	41.7668
372.925	77.2013
372.945	40.8598
372.965	86.3656
372.985	71.9174
373.005	56.6981
373.025	72.7151
373.045	44.8443
373.065	41.7836
373.085	35.0352
373.105	35.1838
373.125	102.291
373.145	73.8057
373.165	77.3577
373.185	56.4046
373.205	40.463
373.225	61.3422
373.245	93.879
373.265	35.8548
373.285	92.0415
373.305	90.1555
373.325	65.1183
373.344	130.254
373.364	87.9656
373.384	37.3407
373.404	162.188
373.424	53.9767
373.444	62.8907
373.464	137.557
373.484	27.0943
373.504	69.8238
373.523	68.0412
373.543	77.1757
373.563	119.267
373.583	63.2592
373.603	145.878
373.623	106.987
373.643	45.9563
373.662	109.286
373.682	117.904
373.702	111.493
373.722	98.4658
373.742	75.6229
373.761	174.166
373.781	95.8474
373.801	72.3117
373.821	164.386
373.84	204.586
373.86	101.137
373.88	53.1423
373.9	185.402
373.919	145.579
373.939	120.97
373.959	313.656
373.979	316.158
373.998	72.6595
374.018	89.2588
374.038	208.91
374.057	120.212
374.077	99.2183
374.097	328.709
374.116	200.156
374.136	70.3988
374.156	85.1553
374.175	186.351
374.195	101.074
374.215	244.646
374.234	321.171
374.254	118.981
374.274	135.331
374.293	352.771
374.313	180.513
374.332	284.817
374.352	328.484
374.372	210.727
374.391	118.915
374.411	313.939
374.43	334.303
374.45	285.408
374.469	216.449
374.489	227.285
374.508	158.789
374.528	338.607
374.547	347.3
374.567	98.3576
374.586	208.213
374.606	216.452
374.625	316.733
374.645	370.54
374.664	148.625
374.684	122.204
374.703	315.82
374.723	473.006
374.742	333.782
374.762	104.735
374.781	130.73
374.801	337.356
374.82	489.176
374.839	257.085
374.859	82.932
374.878	186.238
374.898	368.052
374.917	427.713
374.936	179.056
374.956	285.964
374.975	321.783
374.995	279.476
375.014	252.154
375.033	395.993
375.053	290.264
375.072	284.911
375.091	397.437
375.111	257.431
375.13	274.566
375.149	231.511
375.169	328.471
375.188	386.176
375.207	370.144
375.226	384.728
375.246	246.749
375.265	568.878
375.284	435.657
375.304	576.488
375.323	633.57
375.342	511.187
375.361	640.176
375.381	813.529
375.4	1238.72
375.419	1608.97
375.438	1785.08
375.457	1096.3
375.477	1302.72
375.496	989.982
375.515	844.746
375.534	599.29
375.553	75.2706
375.572	26.1148
375.592	45.2643
375.611	30.0596
375.63	18.3455
375.649	41.7165
375.668	54.0527
375.687	27.4404
375.706	34.0382
375.726	48.7738
375.745	28.6912
375.764	52.5283
375.783	42.9649
375.802	23.5901
375.821	13.5384
375.84	24.1941
375.859	13.4727
375.878	12.4142
375.897	60.2421
375.916	32.8541
375.935	40.759
375.954	20.1842
375.973	45.81
375.992	35.4128
376.011	12.1383
376.03	18.9816
376.049	9.00659
376.068	21.8504
376.087	10.6609
376.106	9.96531
376.125	30.0972
376.144	15.8592
376.163	20.8912
376.182	22.3319
376.201	36.924
376.22	24.9969
376.239	18.3235
376.258	18.3713
376.277	26.9501
376.296	14.2702
376.314	24.0708
376.333	17.2195
376.352	41.5541
376.371	33.3464
376.39	34.6256
376.409	45.5032
376.428	41.4502
376.446	18.8232
376.465	36.9548
376.484	21.4879
376.503	24.4644
376.522	8.97779
376.541	14.2672
376.559	15.0507
376.578	48.173
376.597	30.1852
376.616	48.2378
376.635	57.7833
376.653	63.8842
376.672	24.2016
376.691	11.5862
376.71	17.1378
376.728	23.9163
376.747	24.213
376.766	22.5576
376.785	36.1654
376.803	56.2769
376.822	58.2504
376.841	62.4161
376.859	41.6527
376.878	48.9929
376.897	21.185
376.915	8.53095
376.934	14.5526
376.953	3.03795
376.971	11.9004
376.99	25.476
377.009	45.6957
377.027	44.5778
377.046	57.3594
377.064	73.3869
377.083	60.1429
377.102	29.2137
377.12	12.8936
377.139	8.23699
377.157	21.5278
377.176	35.5451
377.195	55.1589
377.213	39.5274
377.232	38.2691
377.25	41.91
377.269	43.5539
377.287	25.0127
377.306	26.9793
377.324	12.586
377.343	18.3818
377.361	14.4163
377.38	31.4121
377.398	113.11
377.417	42.2088
377.435	71.2098
377.454	57.0399
377.472	66.8523
377.491	93.2403
377.509	18.1181
377.528	23.8015
377.546	14.4534
377.564	23.4861
377.583	83.5615
377.601	93.0445
377.62	31.3061
377.638	55.8328
377.657	25.777
377.675	57.9461
377.693	63.8012
377.712	22.0269
377.73	23.8804
377.748	40.588
377.767	63.7183
377.785	73.2075
377.803	37.9854
377.822	94.1096
377.84	44.8522
377.858	80.1109
377.877	82.0018
377.895	34.1645
377.913	24.428
377.932	23.0543
377.95	196.146
377.968	71.3333
377.986	116.29
378.005	107.162
378.023	58.4152
378.041	223.224
378.059	83.8552
378.078	42.7665
378.096	50.9295
378.114	92.1967
378.132	202.416
378.15	56.8488
378.169	195.887
378.187	122.346
378.205	104.421
378.223	111.275
378.241	42.8365
378.26	23.8977
378.278	101.742
378.296	215.208
378.314	49.8857
378.332	177.015
378.35	196.985
378.368	76.825
378.386	268.775
378.405	105.852
378.423	62.1664
378.441	181.073
378.459	113.662
378.477	97.7195
378.495	331.966
378.513	151.38
378.531	82.0581
378.549	196.515
378.567	93.8718
378.585	254.447
378.603	263.31
378.621	83.4898
378.637	66.6891
378.658	178.801
378.678	97.0678
378.699	144.245
378.719	123.034
378.739	256.008
378.76	99.4761
378.78	57.1663
378.801	245.486
378.821	122.985
378.841	118.115
378.862	285.607
378.882	260.519
378.902	100.424
378.923	135.95
378.943	218.264
378.963	159.023
378.984	156.541
379.004	559.69
379.024	242.702
379.045	56.5474
379.065	159.33
379.085	321.839
379.106	104.121
379.126	319.715
379.146	495.654
379.167	99.6025
379.187	85.3118
379.207	308.954
379.227	162.092
379.248	276.006
379.268	546.761
379.288	135.468
379.308	92.6729
379.328	280.179
379.349	300.801
379.369	433.931
379.389	330.131
379.409	225.083
379.429	166.28
379.45	498.082
379.47	439.648
379.49	217.814
379.51	292.789
379.53	279.121
379.55	347.236
379.571	696.263
379.591	210.988
379.611	158.694
379.631	400.921
379.651	389.998
379.671	805.463
379.691	214.247
379.711	147.986
379.732	345.794
379.752	667.408
379.772	376.469
379.792	183.482
379.812	175.649
379.832	509.249
379.852	670.752
379.872	247.665
379.892	256.466
379.912	545.514
379.932	627.856
379.952	394.681
379.972	409.99
379.992	450.965
380.012	466.443
380.032	505.4
380.052	486.586
380.072	371.379
380.092	536.654
380.112	381.452
380.132	505.48
380.152	477.539
380.172	517.854
380.192	553.312
380.212	559.17
380.232	739.525
380.252	702.462
380.271	905.247
380.291	595.009
380.311	1097.97
380.331	813.704
380.351	1523.65
380.371	1688.58
380.391	2980.97
380.411	2219.08
380.43	2200.59
380.45	1683
380.47	1088.36
380.49	825.59
380.51	126.238
380.53	76.1208
380.549	52.9195
380.569	70.887
380.589	47.0632
380.609	47.0705
380.629	65.6309
380.648	34.3811
380.668	40.9495
380.688	30.2576
380.708	42.3718
380.727	45.8889
380.747	33.8814
380.767	33.7159
380.787	20.0102
380.806	13.8042
380.826	35.2115
380.846	45.1021
380.866	54.9897
380.885	38.5752
380.905	34.6762
380.925	24.0984
380.944	27.1898
380.964	31.1536
380.984	29.6089
381.003	21.103
381.023	38.6946
381.043	43.3855
381.062	39.467
381.082	53.4345
381.101	34.6067
381.121	50.5571
381.141	41.7458
381.16	42.7029
381.18	33.3223
381.199	29.0074
381.219	39.3642
381.239	25.6833
381.258	17.235
381.278	60.9013
381.297	42.1104
381.317	42.3286
381.336	71.944
381.356	65.3249
381.375	136.078
381.395	76.0639
381.414	52.0554
381.434	71.4332
381.453	64.8839
381.473	52.8023
381.492	54.2015
381.512	25.0137
381.531	62.1479
381.551	33.2323
381.57	21.1833
381.59	17.4366
381.609	19.725
381.629	20.7157
381.648	17.8705
381.667	9.81954
381.687	24.5643
381.706	24.9783
381.726	32.4984
381.745	8.61199
381.764	19.9387
381.784	16.2991
381.803	27.342
381.822	7.29295
381.842	16.1253
381.861	15.299
381.881	17.0064
381.9	15.0965
381.919	10.4367
381.939	6.40018
381.958	21.5702
381.977	7.67265
381.996	13.2359
382.016	16.778
382.035	7.25831
382.054	4.93765
382.074	8.65902
382.093	19.1409
382.112	61.7356
382.131	17.3971
382.151	10.7046
382.17	22.0005
382.189	6.9933
382.208	36.8792
382.227	20.9217
382.247	16.3191
382.266	10.589
382.285	33.0274
382.304	9.97992
382.323	37.0613
382.343	12.7875
382.362	17.725
382.381	5.10495
382.4	14.5492
382.419	20.6198
382.438	21.0815
382.458	19.7889
382.477	9.84908
382.496	15.9542
382.515	14.6901
382.534	17.3209
382.553	20.1828
382.572	15.4619
382.591	7.2743
382.61	18.2397
382.629	11.9849
382.648	17.7433
382.668	21.3624
382.687	13.2699
382.706	5.50226
382.725	4.91867
382.744	10.7154
382.763	16.158
382.782	21.4081
382.801	6.90516
382.82	14.5594
382.839	7.37297
382.858	2.97856
382.877	11.4319
382.896	14.5881
382.915	4.12377
382.934	18.2834
382.952	29.3316
382.971	7.17339
382.99	26.7963
383.009	15.8665
383.028	14.298
383.047	6.08909
383.066	14.863
383.085	8.29304
383.104	6.94711
383.123	1.90569
383.142	6.3088
383.16	11.0343
383.179	0.394786
383.198	2.40942
383.217	17.0218
383.236	9.37947
383.255	19.5942
383.274	18.9168
383.292	38.6801
383.311	17.7407
383.33	5.58449
383.349	17.6339
383.368	9.7408
383.386	2.32439
383.405	17.6524
383.424	2.95969
383.443	10.3746
383.461	46.5861
383.48	39.8796
383.499	51.2652
383.518	25.2061
383.536	21.8976
383.555	26.5512
383.574	6.49514
383.592	19.8531
383.611	7.97373
383.63	5.23586
383.649	26.8079
383.667	16.0286
383.686	19.8501
383.705	25.1449
383.723	13.1554
383.742	17.3951
383.761	10.5202
383.779	7.32579
383.798	2.29093
383.816	12.8587
383.835	11.8222
383.854	15.4115
383.872	25.4591
383.891	32.7807
383.909	3.8885
383.928	8.7858
383.947	5.96914
383.965	8.29282
383.984	23.2417
384.002	8.83187
384.021	40.7273
384.039	25.0653
384.058	6.23787
384.076	31.8133
384.095	20.7254
384.113	16.3986
384.132	10.5256
384.15	6.64443
384.169	12.7824
384.187	29.0071
384.206	32.5767
384.224	49.4429
384.243	20.4281
384.261	21.0754
384.28	19.6375
384.298	17.5159
384.317	8.6029
384.335	47.2137
384.353	29.1329
384.372	34.8104
384.39	23.4319
384.409	23.9357
384.427	20.1359
384.445	13.9778
384.464	35.5218
384.482	40.136
384.5	51.1674
384.519	23.394
384.537	31.0325
384.555	22.7015
384.574	14.548
384.592	14.978
384.61	29.8358
384.629	24.3197
384.647	15.757
384.665	19.1066
384.684	55.0139
384.7	27.9028
384.721	47.9487
384.741	23.6493
384.762	34.329
384.783	38.268
384.804	42.6951
384.825	53.3054
384.845	21.2883
384.866	23.2479
384.887	30.0163
384.907	24.478
384.928	36.2047
384.949	25.3634
384.97	39.8736
384.99	67.1768
385.011	49.1175
385.032	48.4678
385.052	38.6744
385.073	20.0526
385.094	30.7314
385.114	49.1309
385.135	49.3109
385.156	60.227
385.176	40.1703
385.197	46.7975
385.217	61.1324
385.238	68.0829
385.259	53.3484
385.279	45.0686
385.3	39.0533
385.32	32.75
385.341	45.3197
385.362	30.6021
385.382	46.8672
385.403	47.6655
385.423	78.6314
385.444	59.6297
385.464	30.9451
385.485	52.8082
385.505	41.0095
385.526	39.5351
385.547	58.9248
385.567	127.143
385.588	71.4033
385.608	45.0895
385.629	66.4441
385.649	68.1629
385.669	62.7048
385.69	69.3394
385.71	63.1475
385.731	56.1531
385.751	74.746
385.772	75.3228
385.792	97.6078
385.813	50.488
385.833	62.8339
385.853	62.6842
385.874	50.6129
385.894	39.6754
385.915	57.0341
385.935	65.4493
385.955	49.7017
385.976	58.3172
385.996	44.4096
386.017	48.9668
386.037	44.6076
386.057	67.6656
386.078	66.8458
386.098	94.141
386.118	72.5206
386.139	84.7625
386.159	85.6972
386.179	64.4991
386.199	83.846
386.22	97.7068
386.24	97.4769
386.26	86.6351
386.281	73.4632
386.301	87.5972
386.321	106.644
386.341	123
386.362	96.5895
386.382	92.5402
386.402	99.3521
386.422	133.175
386.443	92.5819
386.463	111.379
386.483	142.88
386.503	139.664
386.523	150.526
386.544	125.623
386.564	110.028
386.584	87.7719
386.604	111.98
386.624	83.0514
386.644	51.9481
386.664	45.2333
386.685	30.7887
386.705	79.9272
386.725	62.2684
386.745	49.4856
386.765	40.6973
386.785	44.0194
386.805	23.6154
386.825	32.4517
386.845	24.6076
386.865	55.7802
386.886	53.8865
386.906	32.3331
386.926	28.2578
386.946	23.9521
386.966	29.1402
386.986	31.8975
387.006	21.8841
387.026	23.6063
387.046	40.4032
387.066	25.2995
387.086	54.0601
387.106	40.4106
387.126	25.1198
387.146	35.4253
387.166	20.6637
387.186	17.5061
387.206	35.876
387.226	25.5138
387.245	22.5216
387.265	28.8033
387.285	42.2222
387.305	55.1415
387.325	60.2421
387.345	43.2978
387.365	15.1897
387.385	38.4918
387.405	41.1188
387.425	24.2419
387.445	13.7788
387.464	16.3528
387.484	41.7134
387.504	46.5566
387.524	39.4859
387.544	25.087
387.564	25.5328
387.583	25.8852
387.603	31.3118
387.623	25.0494
387.643	49.3236
387.663	52.3731
387.682	32.8561
387.702	47.8
387.722	40.1039
387.742	38.0088
387.761	33.6744
387.781	12.5649
387.801	19.5997
387.821	24.311
387.84	27.4722
387.86	18.1844
387.88	44.2253
387.9	39.9448
387.919	34.9566
387.939	44.113
387.959	11.0231
387.978	12.0176
387.998	20.8664
388.018	21.8536
388.037	33.7579
388.057	54.1851
388.077	42.7587
388.096	20.3148
388.116	27.4876
388.135	21.4431
388.155	42.6207
388.175	50.2873
388.194	45.9644
388.214	46.7331
388.233	56.6473
388.253	84.4005
388.273	50.9949
388.292	64.7257
388.312	78.4224
388.331	69.1983
388.351	110.44
388.37	101.342
388.39	159.483
388.409	253.056
388.429	91.9806
388.448	52.6885
388.468	36.4748
388.487	48.005
388.507	53.2944
388.526	48.0305
388.546	37.9522
388.565	43.6527
388.585	33.746
388.604	19.8632
388.624	27.7857
388.643	27.4246
388.662	16.2023
388.682	28.4402
388.701	35.1145
388.721	85.9745
388.74	43.1751
388.759	9.61614
388.779	48.9347
388.798	22.1435
388.818	22.9233
388.837	27.4226
388.856	40.124
388.876	49.0265
388.895	40.9706
388.914	18.8119
388.934	19.1281
388.953	23.9911
388.972	25.9517
388.992	39.8686
389.011	87.202
389.03	169.032
389.049	58.6823
389.069	20.2828
389.088	29.5835
389.107	13.7409
389.127	23.957
389.146	41.0458
389.165	106.254
389.184	47.7053
389.203	48.4878
389.223	31.4353
389.242	41.0232
389.261	44.9549
389.28	99.5039
389.3	229.799
389.319	225.193
389.338	102.104
389.357	89.8573
389.376	62.1584
389.395	71.144
389.414	77.1886
389.434	92.4274
389.453	137.723
389.472	50.8344
389.491	22.707
389.51	8.98818
389.529	36.5739
389.548	57.7599
389.567	183.544
389.586	211.925
389.606	34.997
389.625	25.2583
389.644	35.0743
389.663	11.5376
389.682	59.6425
389.701	121.004
389.72	87.2958
389.739	22.9276
389.758	8.03673
389.777	17.5598
389.796	45.2689
389.815	167.439
389.834	329.824
389.853	99.1197
389.872	16.615
389.891	10.0553
389.91	22.3181
389.929	78.9877
389.948	138.004
389.967	72.8046
389.986	15.6852
390.004	13.449
390.023	21.391
390.042	102.126
390.061	297.193
390.08	181.454
390.099	44.2306
390.118	40.5126
390.137	33.6674
390.156	89.1569
390.174	155.712
390.193	74.2814
390.212	39.2292
390.231	12.8858
390.25	72.3296
390.269	213.765
390.287	194.337
390.306	55.545
390.325	39.1282
390.344	36.6774
390.363	81.7986
390.381	196.29
390.4	62.0711
390.419	39.1809
390.438	23.238
390.456	133.116
390.475	178.278
390.494	90.2559
390.513	63.0152
390.531	37.2303
390.55	104.434
390.569	153.916
390.588	44.5696
390.606	73.8672
390.625	77.6123
390.644	241.514
390.662	163.363
390.681	45.6085
390.7	14.718
390.718	80.6141
390.737	75.1513
390.755	64.32
390.774	37.4631
390.793	64.2438
390.811	123.043
390.83	77.2535
390.849	17.1858
390.867	28.4629
390.886	59.0851
390.904	40.7451
390.923	37.2821
390.941	112.495
390.961	56.4872
390.982	33.1839
391.004	34.1868
391.025	60.7668
391.046	37.7904
391.067	37.9651
391.088	70.4483
391.109	59.4105
391.13	111.12
391.151	62.1303
391.172	129.162
391.193	102.882
391.215	210.625
391.236	206.22
391.257	214.8
391.278	238.504
391.299	273.592
391.32	343.081
391.341	480.47
391.362	624.757
391.383	858.336
391.404	1178.22
391.425	536.978
391.446	94.0447
391.467	50.8819
391.488	54.5734
391.509	27.8037
391.53	48.9745
391.551	43.0394
391.572	17.6835
391.593	40.9733
391.613	33.2626
391.634	31.8915
391.655	27.431
391.676	28.7116
391.697	15.0349
391.718	17.7546
391.739	20.4377
391.76	16.5347
391.781	35.2027
391.802	39.7487
391.822	16.6573
391.843	49.444
391.864	30.6248
391.885	18.299
391.906	34.8279
391.927	31.3818
391.948	33.1995
391.968	43.153
391.989	23.6113
392.01	29.2255
392.031	51.2827
392.052	22.6696
392.072	50.4727
392.093	47.5947
392.114	20.6342
392.135	31.1257
392.155	43.5608
392.176	50.8198
392.197	57.0497
392.218	51.3402
392.238	62.5232
392.259	36.0175
392.28	23.6383
392.301	37.1349
392.321	35.7951
392.342	33.2293
392.363	18.1238
392.383	56.4341
392.404	48.1561
392.425	37.4514
392.445	29.444
392.466	65.4843
392.487	65.6863
392.507	45.2661
392.528	46.1718
392.548	62.3551
392.569	62.1378
392.59	42.3625
392.61	53.6416
392.631	82.5572
392.651	63.6648
392.672	42.1583
392.693	69.6777
392.713	54.1778
392.734	43.1298
392.754	49.5397
392.775	40.2988
392.795	58.8066
392.816	82.4053
392.837	48.9273
392.857	58.7892
392.878	48.951
392.898	45.1842
392.919	62.9311
392.939	41.4284
392.96	46.625
392.98	41.4807
393	70.333
393.021	27.4891
393.041	58.6414
393.062	78.3358
393.082	61.3626
393.103	25.6572
393.123	28.14
393.144	55.666
393.164	50.9314
393.184	85.9055
393.205	72.3483
393.225	22.1711
393.246	14.5645
393.266	54.3178
393.286	44.5809
393.307	66.6347
393.327	14.7864
393.347	11.0228
393.368	22.4725
393.388	64.7151
393.408	66.7998
393.429	36.4933
393.449	29.1433
393.469	46.0378
393.49	43.7884
393.51	70.3527
393.53	34.2103
393.551	30.243
393.571	51.2809
393.591	45.2644
393.611	69.0407
393.632	49.2069
393.652	70.869
393.672	57.69
393.692	30.2108
393.713	52.2147
393.733	87.3727
393.753	26.3104
393.773	35.4551
393.793	74.0337
393.814	94.235
393.834	21.958
393.854	85.937
393.874	51.6047
393.894	61.7508
393.914	57.0117
393.935	98.131
393.955	50.6803
393.975	30.6347
393.995	73.5045
394.015	75.6763
394.035	57.965
394.055	114.36
394.075	68.4278
394.095	133.299
394.115	160.749
394.136	158.573
394.156	231.416
394.176	115.94
394.196	168.505
394.216	201.939
394.236	136.663
394.256	53.3974
394.276	97.9506
394.296	69.9576
394.316	16.9396
394.336	10.5652
394.356	10.975
394.376	7.83228
394.396	12.3479
394.416	14.4094
394.436	4.36876
394.456	7.04882
394.476	7.61659
394.496	18.1461
394.516	1.38926
394.535	1.96874
394.555	7.44937
394.575	24.513
394.595	5.78996
394.615	18.6337
394.635	9.28943
394.655	2.22879
394.675	14.6787
394.695	17.8595
394.714	10.532
394.734	14.1113
394.754	10.6797
394.774	3.49308
394.794	16.5677
394.814	9.02583
394.834	3.90431
394.853	6.63702
394.873	16.2772
394.893	31.4059
394.913	7.73162
394.933	9.14863
394.952	8.07256
394.972	9.88216
394.992	8.04255
395.012	6.85642
395.031	7.97319
395.051	24.0302
395.071	21.285
395.091	1.79617
395.11	3.98335
395.13	5.98509
395.15	8.24849
395.169	9.33506
395.189	16.0266
395.209	25.289
395.228	12.0614
395.248	9.048
395.268	4.55378
395.287	2.33051
395.307	12.5507
395.327	9.67704
395.346	3.06294
395.366	13.981
395.385	11.8467
395.405	16.9796
395.425	17.5687
395.444	4.60418
395.464	12.8734
395.483	16.8409
395.503	10.6243
395.523	0.815808
395.542	0.728294
395.562	3.48179
395.581	5.20723
395.601	2.99621
395.62	9.48223
395.64	1.6722
395.659	17.8822
395.679	11.6506
395.698	11.6823
395.718	20.0396
395.737	10.7964
395.757	1.41777
395.776	7.39241
395.796	27.8838
395.815	12.6023
395.835	16.0908
395.854	23.2556
395.874	12.9997
395.893	9.86168
395.912	38.9434
395.932	6.37832
395.951	9.29821
395.971	12.6244
395.99	9.43289
396.009	1.40539
396.029	6.21118
396.048	0.980445
396.067	21.0437
396.087	11.0189
396.106	12.6045
396.125	13.0626
396.145	26.5961
396.164	37.0984
396.183	20.28
396.203	43.6126
396.222	11.6859
396.241	17.6103
396.261	0.746315
396.28	3.87151
396.299	18.8552
396.318	37.9768
396.338	18.4503
396.357	8.73146
396.376	26.0451
396.395	5.602
396.415	37.9931
396.434	23.3458
396.453	10.7812
396.472	2.72777
396.491	1.86632
396.511	10.7855
396.53	12.2432
396.549	34.758
396.568	12.8595
396.587	22.1892
396.606	20.5416
396.626	26.058
396.645	26.9892
396.664	33.6453
396.683	9.64513
396.702	21.9167
396.721	4.72611
396.74	61.9263
396.759	24.9116
396.779	40.6156
396.798	38.8002
396.817	30.9587
396.836	27.987
396.855	47.0191
396.874	29.2099
396.893	25.0681
396.912	12.4269
396.931	15.0585
396.95	17.5492
396.969	24.1619
396.988	34.743
397.007	51.641
397.026	28.1116
397.045	20.4624
397.064	47.3254
397.083	8.90165
397.102	26.0804
397.121	7.37387
397.14	21.483
397.159	33.9612
397.178	5.52233
397.197	28.6314
397.216	71.32
397.234	40.6516
397.253	25.9644
397.272	30.3408
397.291	50.9053
397.31	19.5357
397.329	14.3404
397.348	66.8465
397.367	29.9403
397.386	37.1201
397.404	69.6663
397.421	33.8879
397.442	27.3479
397.464	55.1061
397.485	24.4322
397.507	25.1819
397.528	38.5038
397.55	33.7899
397.571	36.8546
397.593	24.646
397.614	31.3199
397.635	47.292
397.657	62.572
397.678	24.4638
397.7	67.5009
397.721	33.9606
397.743	48.254
397.764	61.3976
397.785	44.9806
397.807	67.8222
397.828	84.8544
397.85	79.8183
397.871	133.019
397.892	61.011
397.914	65.0064
397.935	96.8605
397.956	38.7895
397.978	43.1378
397.999	64.7354
398.02	62.038
398.042	30.4992
398.063	9.20671
398.084	41.659
398.106	69.7886
398.127	23.4307
398.148	43.7107
398.169	149.279
398.191	42.2527
398.212	28.9913
398.233	51.0237
398.254	93.4762
398.276	29.1295
398.297	47.641
398.318	93.3054
398.339	91.0454
398.361	49.1181
398.382	48.796
398.403	73.743
398.424	59.3189
398.445	91.4899
398.467	97.7509
398.488	77.7588
398.509	44.1192
398.53	52.7058
398.551	88.7372
398.572	118.914
398.593	66.0968
398.615	88.2911
398.636	66.3065
398.657	74.96
398.678	160.069
398.699	159.949
398.72	67.7513
398.741	57.4579
398.762	145.5
398.783	79.4371
398.804	206.889
398.825	77.3266
398.847	50.4915
398.868	28.9885
398.889	119.504
398.91	165.731
398.931	146.182
398.952	57.983
398.973	52.0484
398.994	103.235
399.015	329.864
399.036	168.209
399.057	61.1742
399.078	99.292
399.099	132.186
399.12	226.296
399.141	122.204
399.161	75.0675
399.182	107.922
399.203	123.451
399.224	240.026
399.245	149.813
399.266	183.928
399.287	122.439
399.308	141.654
399.329	181.57
399.35	167.702
399.371	69.8616
399.391	151.462
399.412	128.211
399.433	104.637
399.454	122.209
399.475	196.976
399.496	106.916
399.516	234.89
399.537	183.542
399.558	141.182
399.579	288.883
399.6	206.786
399.62	284.673
399.641	247.847
399.662	390.565
399.683	489.377
399.704	548.704
399.724	419.277
399.745	305.046
399.766	567.298
399.787	283.185
399.807	287.767
399.828	215.336
399.849	24.6351
399.869	12.8814
399.89	19.1507
399.911	19.2395
399.931	12.0843
399.952	8.05806
399.973	17.1785
399.993	25.9553
